domenas....domain,grafo_dydis,nuorodu_kiekis,virsuniu_kiekis,v_n_ratio,briaunos
atlasobscura.com,21,157,1992,12.68789809,1991
athemes.com,14,95,531,5.589473684,530
app-measurement.com,21,106,539,5.08490566,538
asana.com,23,157,2870,18.28025478,2869
asahi.com,17,680,3196,4.7,3195
washingtonpost.com,17,749,5069,6.767690254,5068
artstation.com,13,3,79,26.33333333,78
arizona.edu,38,77,684,8.883116883,683
arduino.cc,16,184,873,4.744565217,872
archives.gov,11,27,300,11.11111111,299
archdaily.com,16,357,2522,7.06442577,2521
applovin.com,16,110,969,8.809090909,968
apple.com,11,159,707,4.446540881,706
apple.com,13,28,157,5.607142857,156
apkpure.com,13,3,79,26.33333333,78
apachelounge.com,30,24,468,19.5,467
apachefriends.org,10,16,196,12.25,195
apache-ssl.org,9,74,261,3.527027027,260
apple.com,14,37,673,18.18918919,672
anydesk.com,16,75,1578,21.04,1577
anu.edu.au,27,168,1562,9.297619048,1561
answers.com,14,25,345,13.8,344
aniview.com,33,284,1141,4.017605634,1140
animevnn.com,11,17,1145,67.35294118,1144
angelfire.com,9,22,178,8.090909091,177
ancestry.com,43,192,1340,6.979166667,1339
amplitude.com,23,93,1195,12.84946237,1194
amnesty.org,12,137,606,4.423357664,605
ameli.fr,29,92,3003,32.64130435,3002
ameba.jp,18,122,907,7.43442623,906
amazonvideo.com,14,51,597,11.70588235,596
amazon.com,29,277,13044,47.09025271,13034
ama-assn.org,24,158,1442,9.126582278,1441
altavista.com,15,7,63,9,62
alodokter.com,11,29,144,4.965517241,143
allrecipes.com,22,815,6518,7.997546012,6517
aljazeera.net,22,62,2619,42.24193548,2617
amazonalexa.com,8,0,29,Inf,28
albawabhnews.com,14,46,1338,29.08695652,1337
akamaiedge.net,3,6,27,4.5,26
ajc.com,10,3,229,76.33333333,228
airtable.com,21,191,1176,6.157068063,1175
akamaiedge.net,13,3,76,25.33333333,75
ahrefs.com,20,108,1149,10.63888889,1148
ahajournals.org,18,107,1434,13.40186916,1433
agoda.com,21,120,1179,9.825,1178
afternic.com,12,29,1289,44.44827586,1288
adweek.com,23,578,2319,4.012110727,2318
adroll.com,14,72,628,8.722222222,627
adotmob.com,22,263,1315,5,1314
adobe.com,19,38,1014,26.68421053,1013
admin.ch,18,65,1165,17.92307692,1164
admanmedia.com,15,17,551,32.41176471,550
adjust.com,37,198,2503,12.64141414,2502
adgrx.com,19,53,871,16.43396226,870
adbtc.top,7,3,46,15.33333333,45
adage.com,27,181,2305,12.73480663,2304
activehosted.com,45,198,3134,15.82828283,3133
acm.org,20,161,1691,10.50310559,1690
aclu.org,21,165,1042,6.315151515,1041
acer.com,20,167,1044,6.251497006,1043
accor.com,18,205,4387,21.4,4386
accenture.com,21,75,1623,21.64,1622
aboutamazon.com,24,426,2324,5.455399061,2323
about.google,13,16,609,38.0625,607
abebooks.com,21,125,1062,8.496,1061
abc.es,23,769,9844,12.80104031,9842
aarp.org,32,324,2409,7.435185185,2408
aajtak.in,28,500,3032,6.064,3031
aaplimg.com,13,376,1339,3.561170213,1338
a8.net,12,99,822,8.303030303,821
9to5mac.com,12,545,1876,3.442201835,1875
9gag.com,17,38,392,10.31578947,391
52pk.com,10,705,1601,2.270921986,1600
51job.com,12,678,1577,2.325958702,1576
500px.com,6,16,59,3.6875,58
4shared.com,13,202,767,3.797029703,766
4chan.org,10,103,321,3.116504854,320
360yield.com,21,8,145,18.125,144
360.cn,12,386,1266,3.279792746,1265
33across.com,29,201,1163,5.786069652,1162
1337x.to,9,2,180,90,179
123rf.com,17,126,743,5.896825397,742
11st.co.kr,21,346,3520,10.1734104,3519
104.com.tw,15,367,1345,3.664850136,1344
000webhost.com,9,1,46,46,45
haaretz.com,20,262,4645,17.72900763,4644
gyazo.com,9,60,289,4.816666667,288
gutenberg.org,10,8,266,33.25,265
gusuwang.com,13,92,883,9.597826087,882
gumroad.com,10,65,534,8.215384615,533
gumgum.com,23,171,1838,10.74853801,1837
gulfnews.com,18,340,3959,11.64411765,3958
gtmetrix.com,12,13,327,25.15384615,326
gsmarena.com,12,76,938,12.34210526,937
groupon.com,16,129,1063,8.240310078,1062
greenpeace.org,7,68,232,3.411764706,231
greenhouse.io,18,125,1288,10.304,1287
gq.com,25,119,2530,21.2605042,2529
gpo.gov,20,20,563,28.15,562
govdelivery.com,29,242,1195,4.938016529,1194
nih.gov,11,2,139,69.5,138
gotomeeting.com,18,90,1161,12.9,1160
google.com,18,24,11582,482.5833333,11549
goodhousekeeping.com,16,105,1429,13.60952381,1428
google.com,22,646,2637,4.082043344,2636
goethe.de,15,561,2349,4.187165775,2348
goal.com,18,208,3185,15.3125,3184
gmx.net,4,7,30,4.285714286,29
smugmug.com,26,83,1547,18.63855422,1546
gmanetwork.com,16,162,845,5.216049383,844
globalsign.com,16,160,1726,10.7875,1724
globalnews.ca,20,485,2722,5.612371134,2721
git-scm.com,10,21,132,6.285714286,131
gimp.org,10,29,300,10.34482759,299
gfycat.com,18,13,390,30,389
gettyimages.com,19,110,1647,14.97272727,1646
georgetown.edu,27,246,1109,4.508130081,1108
genius.com,15,149,1491,10.00671141,1490
generatepress.com,22,106,794,7.490566038,793
geistm.com,23,136,826,6.073529412,825
gatech.edu,23,109,644,5.908256881,643
researchgate.net,18,110,3756,34.14545455,3755
garmin.com,15,407,1405,3.452088452,1404
gap.com,25,23,420,18.26086957,419
gamespot.com,21,157,2494,15.88535032,2493
pcgamer.com,20,457,1797,3.932166302,1796
gallup.com,17,119,808,6.789915966,807
google.com,7,13,40,3.076923077,39
fujitsu.com,23,255,2267,8.890196078,2266
fsu.edu,14,107,612,5.719626168,611
frontier.com,17,95,653,6.873684211,652
freewebs.com,14,74,448,6.054054054,447
freetype.org,10,62,313,5.048387097,312
freepik.com,16,60,574,9.566666667,573
freelancer.com,22,218,3467,15.90366972,3466
freecodecamp.org,16,51,492,9.647058824,491
freebsd.org,14,102,357,3.5,356
francetvinfo.fr,11,308,3018,9.798701299,3017
france24.com,16,72,1319,18.31944444,1318
foxsports.com,15,133,3370,25.33834586,3369
foxbusiness.com,17,920,3802,4.132608696,3801
forrester.com,16,212,1194,5.632075472,1193
formstack.com,23,184,1286,6.989130435,1285
forexfactory.com,9,1,46,46,45
foreignpolicy.com,19,350,1333,3.808571429,1332
foodnetwork.com,15,55,1545,28.09090909,1544
securityfocus.com,17,931,4796,5.151450054,4795
flurry.com,27,236,2706,11.46610169,2705
flipsnack.com,14,79,824,10.43037975,823
fliphtml5.com,12,93,691,7.430107527,690
flipboard.com,22,92,780,8.47826087,779
flightradar24.com,19,195,8837,45.31794872,8836
flaticon.com,17,248,2151,8.673387097,2150
flashtalking.com,23,104,1033,9.932692308,1032
fivethirtyeight.com,16,261,789,3.022988506,788
fitbit.com,17,136,1209,8.889705882,1208
firefox.com,19,204,974,4.774509804,973
findlaw.com,18,240,773,3.220833333,772
filimo.com,18,105,1084,10.32380952,1083
filezilla-project.org,11,13,155,11.92307692,154
figma.com,14,94,678,7.212765957,677
fifa.com,27,149,3071,20.61073826,3070
fema.gov,19,32,976,30.5,975
fedoraproject.org,11,47,393,8.361702128,392
federalreserve.gov,16,39,1651,42.33333333,1650
fcc.gov,21,85,807,9.494117647,806
fbi.gov,18,215,743,3.455813953,742
fbcdn.net,3,31,118,3.806451613,117
faz.net,43,1006,8872,8.819085487,8870
fastcgi.com,12,58,249,4.293103448,248
matchesfashion.com,21,110,467,4.245454545,466
eyeota.net,19,145,818,5.64137931,817
wiley.com,35,32,1488,46.5,1487
aliexpress.com,17,333,2700,8.108108108,2699
experian.com,17,89,585,6.573033708,584
examiner.com,5,3,20,6.666666667,19
tribunnews.com,17,719,4004,5.568845619,4003
evidon.com,15,62,770,12.41935484,769
everydayhealth.com,22,407,2537,6.233415233,2536
eventbrite.com,27,153,716,4.679738562,715
euronews.com,18,313,2385,7.619808307,2384
eurekalert.org,15,36,407,11.30555556,406
europa.eu,9,2,153,76.5,151
etrade.com,23,90,928,10.31111111,927
ethz.ch,32,68,7327,107.75,7326
etherscan.io,13,3,76,25.33333333,75
esquire.com,16,88,989,11.23863636,988
espncricinfo.com,23,156,1640,10.51282051,1639
eset.com,21,17,519,30.52941176,518
thesaurus.com,15,44,1689,38.38636364,1688
eqxiu.com,22,460,1493,3.245652174,1492
epicgames.com,8,1,45,45,44
epfindia.gov.in,13,39,885,22.69230769,884
eonline.com,22,89,1536,17.25842697,1535
identrust.com,15,96,1881,19.59375,1880
ensonhaber.com,12,331,1807,5.459214502,1806
enlightenment.org,12,13,200,15.38461538,199
energy.gov,28,36,473,13.13888889,472
endclothing.com,20,98,1279,13.05102041,1278
emory.edu,23,64,880,13.75,879
emojipedia.org,14,23,584,25.39130435,583
emarketer.com,18,581,2579,4.438898451,2578
elwatannews.com,20,418,2910,6.961722488,2909
eluniverso.com,26,144,2389,16.59027778,2388
elmundo.es,20,437,2209,5.054919908,2208
elle.com,16,78,882,11.30769231,881
eksisozluk.com,17,56,1383,24.69642857,1382
eia.gov,13,30,980,32.66666667,979
eghtesadonline.com,15,76,1726,22.71052632,1725
eghtesadnews.com,15,110,2214,20.12727273,2213
edx.org,24,43,1425,33.13953488,1424
edublogs.org,22,92,625,6.793478261,624
linkedin.com,22,100,411,4.11,410
ecosia.org,17,84,840,10,839
eclipse.org,17,91,496,5.450549451,495
ecer.com,18,184,1922,10.44565217,1921
ebc.net.tw,19,137,784,5.722627737,783
ebay.com,18,545,5771,10.58899083,5768
ebay-kleinanzeigen.de,15,105,1180,11.23809524,1179
eatthis.com,13,238,1072,4.504201681,1071
eater.com,25,254,1396,5.496062992,1395
dyndns.org,9,43,503,11.69767442,502
duolingo.com,15,143,605,4.230769231,604
drupal.org,16,3,84,28,83
drugs.com,12,14,1087,77.64285714,1086
dropcatch.com,2,1,24,24,23
dreamhost.com,17,63,1325,21.03174603,1324
dpreview.com,15,394,1527,3.875634518,1526
doxygen.nl,14,23,418,18.17391304,416
wikidot.com,29,49,751,15.32653061,750
dostor.org,18,106,1775,16.74528302,1774
doordash.com,13,3,76,25.33333333,75
doodlekit.com,16,30,485,16.16666667,484
doodle.com,28,81,782,9.654320988,781
domaintools.com,23,130,1228,9.446153846,1227
dol.gov,26,70,854,12.2,853
docusign.net,23,177,1590,8.983050847,1588
documentcloud.org,11,5,179,35.8,178
dmm.co.jp,13,36,2194,60.94444444,2192
dmca.com,16,28,933,33.32142857,932
divar.ir,10,44,156,3.545454545,155
districtm.io,6,0,38,Inf,37
disney.com,19,190,836,4.4,835
discovery.com,24,144,964,6.694444444,963
discovermagazine.com,16,120,788,6.566666667,787
discovery.com,24,167,963,5.766467066,962
discogs.com,15,66,989,14.98484848,988
dior.com,29,204,4650,22.79411765,4649
diigo.com,9,19,172,9.052631579,171
digitalocean.com,13,58,689,11.87931034,688
digital.com,17,62,930,15,929
urbandictionary.com,25,178,1081,6.073033708,1080
dianxiaomi.com,14,108,1342,12.42592593,1341
dianping.com,14,172,810,4.709302326,809
dhs.gov,35,37,1067,28.83783784,1066
dezeen.com,13,3,76,25.33333333,75
depositphotos.com,19,151,847,5.609271523,846
denverpost.com,18,444,1628,3.666666667,1627
dellsupportcenter.com,7,2,52,26,51
deezer.com,11,84,639,7.607142857,638
deepintent.com,32,173,1461,8.445086705,1460
deadline.com,16,448,2140,4.776785714,2139
dcard.tw,7,4,51,12.75,50
dbs.com.sg,24,144,1147,7.965277778,1146
dawn.com,23,437,1865,4.267734554,1864
datadoghq.com,15,361,1279,3.542936288,1278
dartmouth.edu,33,137,1988,14.51094891,1987
dangdang.com,16,43,362,8.418604651,361
dallasnews.com,13,199,1418,7.125628141,1417
dailycaller.com,11,165,1149,6.963636364,1148
dafont.com,13,13,439,33.76923077,438
cyol.com,11,156,1150,7.371794872,1149
cylance.com,19,207,1689,8.15942029,1688
cwi.nl,16,141,443,3.141843972,442
cvs.com,4,0,15,Inf,14
cvent.com,27,108,1639,15.17592593,1638
curl.se,8,8,142,17.75,141
curbed.com,15,212,1155,5.448113208,1154
cuny.edu,22,369,1396,3.783197832,1395
ctvnews.ca,24,494,2536,5.133603239,2535
sciencedirect.com,15,37,361,9.756756757,360
csmonitor.com,15,63,1260,20,1259
crunchyroll.com,13,3,77,25.66666667,76
crunchbase.com,16,2,84,42,83
crowdworks.jp,13,100,666,6.66,665
cricbuzz.com,15,32,1057,33.03125,1056
creditkarma.com,16,203,868,4.275862069,867
createjs.com,11,28,411,14.67857143,410
crazyegg.com,18,22,414,18.81818182,413
cpanel.net,15,15,121,8.066666667,120
cowin.gov.in,33,125,3083,24.664,3082
coub.com,27,79,3470,43.92405063,3469
cosmopolitan.com,16,81,840,10.37037037,839
corriere.it,26,1435,5806,4.045993031,5805
cookielaw.org,15,132,758,5.742424242,757
convertio.co,19,86,607,7.058139535,606
consultant.ru,8,2,68,34,67
congress.gov,22,48,5299,110.3958333,5298
computerworld.com,21,212,1161,5.476415094,1160
complex.com,25,137,1217,8.883211679,1216
google.com,13,24,162,6.75,161
colorlib.com,11,99,373,3.767676768,372
colorado.edu,26,100,603,6.03,602
collegeboard.org,17,96,492,5.125,491
cointelegraph.com,20,161,1394,8.658385093,1393
coingecko.com,19,410,6379,15.55853659,6378
coindesk.com,30,344,9979,29.00872093,9978
coinbase.com,13,3,76,25.33333333,75
coe.int,21,196,1250,6.37755102,1249
codeplex.com,19,183,703,3.841530055,702
codepen.io,13,3,76,25.33333333,75
codecanyon.net,18,613,4516,7.367047308,4515
codecademy.com,27,36,1381,38.36111111,1380
cnnindonesia.com,17,336,1310,3.898809524,1309
cnki.net,13,329,770,2.340425532,769
cnbcindonesia.com,13,263,1204,4.577946768,1203
cms.gov,30,46,475,10.32608696,474
cloudinary.com,22,269,2159,8.026022305,2158
cloudflare.com,23,107,660,6.168224299,659
clinicaltrials.gov,13,32,1395,43.59375,1394
clickpost.jp,10,6,242,40.33333333,241
clickfunnels.com,7,5,52,10.4,51
clickbank.com,18,131,841,6.419847328,839
clevelandclinic.org,9,43,410,9.534883721,409
clevelandclinic.org,23,378,2209,5.843915344,2208
clarin.com,18,339,2740,8.08259587,2739
citrix.com,43,94,2320,24.68085106,2319
icio.us,21,248,1148,4.629032258,1147
cima4u.ws,11,473,2832,5.987315011,2831
jocial.com,22,10,595,59.5,594
sfchronicle.com,17,205,2307,11.25365854,2306
chosun.com,31,223,3518,15.77578475,3517
chinanews.com,14,491,2282,4.647657841,2281
chegg.com,16,2,80,40,79
chartbeat.net,14,0,470,Inf,468
channelnewsasia.com,27,419,4787,11.424821,4786
channel4.com,28,482,6238,12.94190871,6237
centos.org,13,54,438,8.111111111,437
cell.com,9,1,46,46,45
cdbaby.com,15,250,897,3.588,896
ccleaner.com,19,100,916,9.16,915
ccc.de,9,8,170,21.25,169
accenture.com,18,83,1496,18.02409639,1495
cbssports.com,18,241,2113,8.767634855,2112
cbssports.com,16,56,568,10.14285714,567
catchthemes.com,14,176,632,3.590909091,631
cargocollective.com,16,87,653,7.505747126,652
caniuse.com,10,22,220,10,219
cancer.org,34,99,3773,38.11111111,3771
bongacams.com,25,130,739,5.684615385,738
caltech.edu,17,423,4010,9.479905437,4009
calameo.com,11,33,214,6.484848485,213
caixa.gov.br,29,176,904,5.136363636,903
byu.edu,18,84,592,7.047619048,591
buzzsprout.com,9,65,398,6.123076923,397
buzzfeednews.com,16,245,1333,5.440816327,1332
bustle.com,17,49,1443,29.44897959,1442
businessweek.com,6,4,41,10.25,40
business2community.com,7,1,43,43,42
bund.de,17,3,347,115.6666667,346
bukalapak.com,35,404,2163,5.353960396,2162
bugsnag.com,17,145,2065,14.24137931,2064
bufferapp.com,14,72,617,8.569444444,616
buffer.com,14,72,617,8.569444444,616
buffalo.edu,37,95,4377,46.07368421,4376
businessinsider.com,17,56,517,9.232142857,516
bttrack.com,19,336,1134,3.375,1133
bscscan.com,18,28,981,35.03571429,980
brown.edu,23,169,4148,24.5443787,4147
brookings.edu,14,232,1021,4.400862069,1020
brilio.net,18,553,2764,4.998191682,2763
brightcove.net,23,0,27183,Inf,27181
braze.com,33,238,2521,10.59243697,2520
bravesites.com,14,53,561,10.58490566,560
branch.io,19,77,1070,13.8961039,1069
brainyquote.com,16,11,685,62.27272727,684
dropbox.com,20,92,1303,14.16304348,1302
boutell.co.uk,17,128,569,4.4453125,567
bostonglobe.com,20,206,2695,13.08252427,2694
boston.com,14,563,1882,3.342806394,1881
boredpanda.com,14,357,2032,5.691876751,2031
bookdepository.com,16,77,6190,80.38961039,6189
bola.com,20,747,2716,3.635876841,2715
boingboing.net,13,244,617,2.528688525,616
blogspot.com,18,23,1767,76.82608696,1761
blogspot.com,18,31,310,10,309
bloglovin.com,8,21,206,9.80952381,205
blogspot.com,19,85,1442,16.96470588,1441
blizzard.com,15,360,2032,5.644444444,2031
bleacherreport.com,19,229,1125,4.912663755,1124
blackboard.com,23,81,833,10.28395062,832
blackberry.com,20,172,1215,7.063953488,1214
bkn.go.id,13,252,811,3.218253968,810
bitdefender.com,25,316,2318,7.335443038,2317
bitchute.com,21,737,7514,10.1953867,7513
bitbucket.org,14,106,795,7.5,794
bit.ly,18,18,238,13.22222222,237
biography.com,21,134,1527,11.39552239,1526
biobiochile.cl,16,469,3067,6.539445629,3066
billboard.com,22,564,3226,5.719858156,3225
bild.de,20,616,4392,7.12987013,4391
biglobe.ne.jp,15,232,864,3.724137931,863
bigcommerce.com,23,236,1513,6.411016949,1512
bigcartel.com,11,26,230,8.846153846,229
biblegateway.com,15,524,6953,13.26908397,6952
bhphotovideo.com,9,1,46,46,45
bestlifeonline.com,14,202,837,4.143564356,836
bell-labs.com,13,54,598,11.07407407,597
bedbathandbeyond.com,18,141,1718,12.18439716,1717
battle.net,7,10,97,9.7,96
basecamp.com,9,13,232,17.84615385,231
barrons.com,26,422,1827,4.329383886,1826
bankrate.com,21,129,2253,17.46511628,2252
banggood.com,12,261,1024,3.923371648,1023
baltimoresun.com,5,0,16,Inf,15
azcentral.com,16,64,569,8.890625,568
axs.com,13,3,79,26.33333333,78
axios.com,18,192,2292,11.9375,2291
axieinfinity.com,15,77,378,4.909090909,377
aweber.com,11,112,534,4.767857143,533
avg.com,28,247,2201,8.910931174,2200
audible.com,26,169,8929,52.83431953,8928
wattpad.com,23,88,788,8.954545455,786
atlassian.net,17,158,2121,13.42405063,2119
atlasobscura.com,21,157,1992,12.68789809,1991
athemes.com,14,95,531,5.589473684,530
app-measurement.com,21,106,539,5.08490566,538
asana.com,23,157,2870,18.28025478,2869
asahi.com,17,680,3196,4.7,3195
washingtonpost.com,17,749,5069,6.767690254,5068
artstation.com,13,3,79,26.33333333,78
arizona.edu,38,77,684,8.883116883,683
arduino.cc,16,184,873,4.744565217,872
archives.gov,11,27,300,11.11111111,299
archdaily.com,16,357,2522,7.06442577,2521
applovin.com,16,110,969,8.809090909,968
apple.com,11,159,707,4.446540881,706
apple.com,13,28,157,5.607142857,156
apkpure.com,13,3,79,26.33333333,78
apachelounge.com,30,24,468,19.5,467
apachefriends.org,10,16,196,12.25,195
apache-ssl.org,9,74,261,3.527027027,260
apple.com,14,37,673,18.18918919,672
anydesk.com,16,75,1578,21.04,1577
anu.edu.au,27,168,1562,9.297619048,1561
answers.com,14,25,345,13.8,344
aniview.com,33,284,1141,4.017605634,1140
animevnn.com,11,17,1145,67.35294118,1144
angelfire.com,9,22,178,8.090909091,177
ancestry.com,43,192,1340,6.979166667,1339
amplitude.com,23,93,1195,12.84946237,1194
amnesty.org,12,137,606,4.423357664,605
ameli.fr,29,92,3003,32.64130435,3002
ameba.jp,18,122,907,7.43442623,906
amazonvideo.com,14,51,597,11.70588235,596
amazon.com,29,277,13044,47.09025271,13034
ama-assn.org,24,158,1442,9.126582278,1441
altavista.com,15,7,63,9,62
alodokter.com,11,29,144,4.965517241,143
allrecipes.com,22,815,6518,7.997546012,6517
aljazeera.net,22,62,2619,42.24193548,2617
amazonalexa.com,8,0,29,Inf,28
albawabhnews.com,14,46,1338,29.08695652,1337
akamaiedge.net,3,6,27,4.5,26
ajc.com,10,3,229,76.33333333,228
airtable.com,21,191,1176,6.157068063,1175
akamaiedge.net,13,3,76,25.33333333,75
ahrefs.com,20,108,1149,10.63888889,1148
ahajournals.org,18,107,1434,13.40186916,1433
agoda.com,21,120,1179,9.825,1178
afternic.com,12,29,1289,44.44827586,1288
adweek.com,23,578,2319,4.012110727,2318
adroll.com,14,72,628,8.722222222,627
adotmob.com,22,263,1315,5,1314
adobe.com,19,38,1014,26.68421053,1013
admin.ch,18,65,1165,17.92307692,1164
admanmedia.com,15,17,551,32.41176471,550
adjust.com,37,198,2503,12.64141414,2502
adgrx.com,19,53,871,16.43396226,870
adbtc.top,7,3,46,15.33333333,45
adage.com,27,181,2305,12.73480663,2304
activehosted.com,45,198,3134,15.82828283,3133
acm.org,20,161,1691,10.50310559,1690
aclu.org,21,165,1042,6.315151515,1041
acer.com,20,167,1044,6.251497006,1043
accor.com,18,205,4387,21.4,4386
accenture.com,21,75,1623,21.64,1622
aboutamazon.com,24,426,2324,5.455399061,2323
about.google,13,16,609,38.0625,607
abebooks.com,21,125,1062,8.496,1061
abc.es,23,769,9844,12.80104031,9842
aarp.org,32,324,2409,7.435185185,2408
aajtak.in,28,500,3032,6.064,3031
aaplimg.com,13,376,1339,3.561170213,1338
a8.net,12,99,822,8.303030303,821
9to5mac.com,12,545,1876,3.442201835,1875
9gag.com,17,38,392,10.31578947,391
52pk.com,10,705,1601,2.270921986,1600
51job.com,12,678,1577,2.325958702,1576
500px.com,6,16,59,3.6875,58
4shared.com,13,202,767,3.797029703,766
4chan.org,10,103,321,3.116504854,320
360yield.com,21,8,145,18.125,144
360.cn,12,386,1266,3.279792746,1265
33across.com,29,201,1163,5.786069652,1162
1337x.to,9,2,180,90,179
123rf.com,17,126,743,5.896825397,742
11st.co.kr,21,346,3520,10.1734104,3519
104.com.tw,15,367,1345,3.664850136,1344
000webhost.com,9,1,46,46,45
newatlas.com,20,316,1173,3.712025316,1172
nerdwallet.com,23,109,977,8.963302752,976
neobux.com,6,0,12,Inf,11
neilpatel.com,10,85,253,2.976470588,252
windowsupdate.com,13,47,568,12.08510638,567
ncsu.edu,23,180,1156,6.422222222,1155
gutenberg.org,20,35,1072,30.62857143,1071
nbcsports.com,23,324,2431,7.50308642,2430
nbcolympics.com,22,242,2992,12.36363636,2991
cnbc.com,18,88,6413,72.875,6412
coinbase.com,21,228,2695,11.82017544,2694
naukri.com,14,185,664,3.589189189,663
nationalreview.com,21,507,2054,4.051282051,2053
nationalpost.com,19,270,3504,12.97777778,3503
narod.ru,14,72,638,8.861111111,637
nap.edu,14,199,1274,6.40201005,1273
namnak.com,13,41,375,9.146341463,374
namasha.com,22,289,4388,15.183391,4387
nairaland.com,9,89,568,6.382022472,567
n11.com,16,572,2085,3.645104895,2084
myworkdayjobs.com,10,2,123,61.5,122
mytheresa.com,24,1941,6333,3.262751159,6332
mystrikingly.com,13,63,625,9.920634921,624
mynet.com,12,482,14705,30.50829876,14704
mynavi.jp,13,78,363,4.653846154,362
myfitnesspal.com,17,91,435,4.78021978,434
myanimelist.net,15,522,1943,3.722222222,1942
mtv.com,18,74,1880,25.40540541,1879
samsung.com,17,249,1193,4.791164659,1192
msnbc.com,24,680,2990,4.397058824,2989
msdn.com,21,31,710,22.90322581,709
mozilla.org,16,110,1022,9.290909091,1021
motherjones.com,14,280,4800,17.14285714,4799
mopub.com,16,118,1020,8.644067797,1019
monster.com,23,116,1129,9.732758621,1128
monday.com,31,214,3075,14.36915888,3074
moma.org,13,3,77,25.66666667,76
mlive.com,23,339,1987,5.861356932,1986
mk.ru,16,622,3617,5.81511254,3616
mixpanel.com,23,182,1202,6.604395604,1201
mitre.org,21,59,1933,32.76271186,1932
missouri.edu,23,69,575,8.333333333,574
miro.com,27,99,1741,17.58585859,1740
mimecast.com,15,138,648,4.695652174,647
milliyet.com.tr,17,171,15214,88.97076023,15213
mileroticos.com,9,22,184,8.363636364,183
michigan.gov,25,131,1240,9.465648855,1239
microsoft.com,13,158,654,4.139240506,653
mgid.com,24,99,1307,13.2020202,1306
metro.co.uk,15,409,1492,3.64792176,1491
metmuseum.org,15,50,810,16.2,809
metacritic.com,25,136,1914,14.07352941,1913
mercurynews.com,20,459,1561,3.40087146,1560
mercadolibre.com.ve,19,233,4512,19.36480687,4509
meraki.com,19,359,1512,4.211699164,1511
mentalfloss.com,17,108,964,8.925925926,963
menshealth.com,16,104,1357,13.04807692,1356
meituan.com,12,1354,1714,1.265878877,1713
mehrnews.com,17,150,1752,11.68,1751
mega.nz,9,4,53,13.25,52
medscape.com,14,232,1540,6.637931034,1539
medlineplus.gov,14,104,346,3.326923077,345
medicinenet.com,14,264,1156,4.378787879,1155
mediawiki.org,20,110,726,6.6,725
macromedia.com,17,37,273,7.378378378,272
mcgill.ca,26,114,491,4.307017544,490
mcdonalds.com,18,41,1124,27.41463415,1123
mcafee.com,43,50,2062,41.24,2061
matomo.org,33,130,1266,9.738461538,1265
mathrubhumi.com,16,195,2084,10.68717949,2083
matchesfashion.com,6,5,37,7.4,36
umass.edu,20,42,797,18.97619048,796
marthastewart.com,17,548,2779,5.071167883,2778
mapquest.com,16,125,848,6.784,847
mapbox.com,16,134,833,6.21641791,832
manchestertranslations.co.uk,19,0,133,Inf,132
manchestertranslations.co.uk,14,58,924,15.93103448,923
man7.org,12,4,77,19.25,76
malwarebytes.com,27,106,1574,14.8490566,1573
makeuseof.com,17,47,1710,36.38297872,1709
mainichi.jp,18,488,2515,5.153688525,2514
mailerlite.com,17,208,2426,11.66346154,2425
made-in-china.com,22,1543,3841,2.489306546,3840
macrumors.com,14,1016,3151,3.101377953,3150
google.com,25,215,555,2.581395349,554
lyst.com,16,73,1106,15.15068493,1105
lycos.com,12,41,182,4.43902439,181
lww.com,25,123,1001,8.138211382,1000
lulu.com,15,78,394,5.051282051,393
lua.org,9,4,51,12.75,50
nielsen.com,13,117,547,4.675213675,546
louvre.fr,17,95,1031,10.85263158,1030
lothar.com,5,0,44,Inf,43
lonelyplanet.com,18,127,849,6.68503937,848
lnkd.in,13,205,831,4.053658537,830
lnkd.in,16,133,724,5.443609023,723
livestrong.com,22,105,966,9.2,965
livestream.com,15,24,376,15.66666667,375
livemint.com,17,169,1847,10.92899408,1846
liveleak.com,15,117,1012,8.64957265,1011
liveinternet.ru,14,97,542,5.587628866,541
livedoor.jp,11,0,452,Inf,450
livechatinc.com,15,126,1820,14.44444444,1819
lifo.gr,25,173,3473,20.07514451,3472
lifewire.com,12,269,1333,4.955390335,1332
lifehack.org,12,153,11010,71.96078431,11009
libsyn.com,25,209,1306,6.248803828,1305
libero.it,12,735,2420,3.292517007,2419
lg.com,30,444,3930,8.851351351,3929
leparisien.fr,14,334,2532,7.580838323,2531
lendingtree.com,14,153,738,4.823529412,737
lego.com,25,48,2619,54.5625,2618
legislation.gov.uk,10,3,324,108,323
lefigaro.fr,14,598,3219,5.382943144,3218
lazada.co.th,19,1295,4718,3.643243243,4717
laweekly.com,13,3,76,25.33333333,75
lavanguardia.com,16,235,3145,13.38297872,3144
launchdarkly.com,21,103,2076,20.15533981,2075
lastpass.com,15,63,1016,16.12698413,1015
last.fm,17,48,1477,30.77083333,1476
laodong.vn,27,568,2290,4.031690141,2289
lanacion.com.ar,19,187,4780,25.56149733,4779
ladbible.com,47,79,2157,27.30379747,2156
kriesi.at,16,68,529,7.779411765,528
clickpost.jp,21,171,810,4.736842105,809
kotaku.com,21,488,2915,5.973360656,2914
kooora.com,17,173,2205,12.74566474,2204
kontan.co.id,15,335,1495,4.462686567,1494
kommersant.ru,14,153,2470,16.14379085,2469
kohls.com,19,315,3702,11.75238095,3701
knowyourmeme.com,13,97,775,7.989690722,774
kijiji.ca,17,75,3681,49.08,3680
kidshealth.org,15,14,344,24.57142857,343
kernel.org,9,88,296,3.363636364,295
kemdikbud.go.id,13,29,375,12.93103448,374
kde.org,12,223,484,2.170403587,483
kayak.com,30,87,2427,27.89655172,2426
kaspersky.com,28,183,1122,6.131147541,1121
kargo.com,22,95,760,8,759
kapanlagi.com,21,607,1670,2.751235585,1669
kakaku.com,16,285,1942,6.814035088,1941
jwplayer.com,28,157,996,6.343949045,995
justice.gov,25,56,520,9.285714286,519
justia.com,11,224,746,3.330357143,745
justgiving.com,17,357,2132,5.971988796,2131
juntadeandalucia.es,31,227,1850,8.149779736,1849
jpost.com,7,1,43,43,42
jpnn.com,14,609,1798,2.952380952,1797
jooble.org,14,303,1921,6.339933993,1920
joins.com,15,107,1275,11.91588785,1274
joinhoney.com,22,76,548,7.210526316,547
jocial.com,5,5,56,11.2,55
jivox.com,21,206,1399,6.791262136,1398
jimdofree.com,20,35,1014,28.97142857,1013
jetbrains.com,29,85,3212,37.78823529,3211
japantimes.co.jp,21,419,1796,4.286396181,1795
jd.com,21,187,784,4.192513369,783
ivi.ru,26,360,3597,9.991666667,3596
iubenda.com,18,109,1133,10.39449541,1132
medium.com,14,54,490,9.074074074,489
meituan.com,24,18,643,35.72222222,642
itmedia.co.jp,25,526,2225,4.230038023,2224
twitch.tv,11,147,1405,9.557823129,1404
ispot.tv,17,76,817,10.75,816
discogs.com,12,23,316,13.73913043,315
issuu.com,6,1,58,58,57
irishtimes.com,22,120,2334,19.45,2333
irctc.co.in,21,117,1186,10.13675214,1185
ipcc.ch,16,331,1636,4.942598187,1635
iop.org,7,1,43,43,42
ionos.com,23,144,1611,11.1875,1610
interia.pl,15,813,3263,4.013530135,3262
intentiq.com,41,117,1769,15.11965812,1768
instapaper.com,10,25,162,6.48,161
insightexpressai.com,6,2,17,8.5,16
businessinsider.com,13,221,1625,7.352941176,1624
inquirer.com,22,0,706,Inf,704
innovid.com,20,324,2209,6.817901235,2208
infusionsoft.com,13,3,76,25.33333333,75
informer.com,8,20,117,5.85,116
infogram.com,13,85,536,6.305882353,535
infobae.com,12,252,1172,4.650793651,1171
indiatoday.in,22,296,13766,46.50675676,13765
indianexpress.com,14,861,2653,3.081300813,2652
indiana.edu,19,165,762,4.618181818,761
independent.co.uk,16,604,2672,4.42384106,2671
linkedin.com,23,483,4300,8.902691511,4298
impress.co.jp,10,73,247,3.383561644,246
imperial.ac.uk,18,63,872,13.84126984,871
imageshack.us,9,7,196,28,194
ilo.org,18,62,1138,18.35483871,1137
illinois.edu,15,163,1131,6.938650307,1130
iliangcang.com,13,115,1334,11.6,1333
iherb.com,22,792,3722,4.699494949,3721
iheart.com,15,31,803,25.90322581,802
docusign.net,11,206,1077,5.22815534,1076
idntimes.com,18,617,2081,3.372771475,2080
idnes.cz,20,443,1423,3.212189616,1422
icq.com,13,29,345,11.89655172,344
nicovideo.jp,12,10,387,38.7,386
icloud-content.com,11,10,368,36.8,367
icims.com,26,552,4439,8.041666667,4438
icann.org,19,33,636,19.27272727,635
ibtimes.com,22,174,1276,7.333333333,1275
ibb.co,11,120,552,4.6,551
iastate.edu,15,53,567,10.69811321,566
iana.org,21,8,192,24,191
hwg.org,8,7,207,29.57142857,206
hurriyet.com.tr,15,277,14438,52.12274368,14437
hurirk.net,16,45,371,8.244444444,370
huim.com,11,124,859,6.927419355,858
huffingtonpost.com,25,310,2146,6.922580645,2145
hud.gov,21,63,573,9.095238095,572
hubspot.net,20,174,959,5.511494253,958
hubpages.com,21,403,2362,5.861042184,2361
hrw.org,30,63,1985,31.50793651,1984
howtogeek.com,11,438,1187,2.710045662,1186
houzz.com,23,615,3271,5.318699187,3270
issue.house,32,290,5940,20.48275862,5939
hotmart.com,19,82,687,8.37804878,686
hotmail.com,13,49,449,9.163265306,448
hopkinsmedicine.org,15,151,720,4.768211921,719
homestead.com,15,23,406,17.65217391,405
pchome.com.tw,22,57,1036,18.1754386,1034
hollywoodreporter.com,19,511,2625,5.136986301,2624
semanticscholar.org,16,66,563,8.53030303,562
history.com,14,74,703,9.5,702
hindustantimes.com,14,442,3650,8.257918552,3649
hindawi.com,16,64,624,9.75,623
arnebrachhold.de,21,147,1611,10.95918367,1610
hespress.com,16,424,1662,3.919811321,1661
herokuapp.com,15,168,1133,6.744047619,1132
heise.de,17,318,3882,12.20754717,3881
heavy.com,11,114,795,6.973684211,794
iheart.com,27,175,1541,8.805714286,1540
healthline.com,13,130,854,6.569230769,853
hbo.com,25,178,2760,15.50561798,2759
hatenablog.com,11,589,1567,2.660441426,1566
hatenablog.com,12,468,1150,2.457264957,1149
harpersbazaar.com,16,102,938,9.196078431,937
hardened-php.net,9,26,216,8.307692308,215
haaretz.com,20,262,4645,17.72900763,4644
ziprecruiter.com,9,1,46,46,45
zerohedge.com,17,93,5173,55.62365591,5172
zeotap.com,19,197,1092,5.543147208,1091
zendesk.com,26,85,1454,17.10588235,1453
zeit.de,12,29,142,4.896551724,141
zdf.de,23,19,7154,376.5263158,7153
zcool.com.cn,17,364,3842,10.55494505,3841
zazzle.com,8,6,47,7.833333333,46
zappos.com,18,50,2084,41.68,2083
zapier.com,31,145,2689,18.54482759,2688
zalo.me,12,24,100,4.166666667,99
yumpu.com,18,413,1196,2.895883777,1195
yts.mx,11,88,761,8.647727273,760
ytmp3.cc,6,35,194,5.542857143,193
yt1s.com,13,53,275,5.188679245,274
youronlinechoices.eu,9,0,298,Inf,296
youradchoices.com,16,30,332,11.06666667,331
youporn.com,17,105,2861,27.24761905,2860
yomiuri.co.jp,13,400,2351,5.8775,2350
yolasite.com,16,72,395,5.486111111,394
mynet.com,29,6,9373,1562.166667,9371
yieldmo.com,27,198,1114,5.626262626,1113
yellowpages.com,13,151,548,3.629139073,547
yektanet.com,16,159,1030,6.477987421,1029
ycombinator.com,13,107,617,5.76635514,616
yandex.ru,15,8,169,21.125,167
yahoo.com,15,7,63,9,62
xrea.com,13,150,890,5.933333333,889
xkcd.com,8,29,139,4.793103448,138
dianxiaomi.com,13,156,645,4.134615385,644
xhamsterlive.com,24,120,4685,39.04166667,4684
xero.com,29,60,803,13.38333333,802
xe.com,17,44,2032,46.18181818,2031
xda-developers.com,16,508,1873,3.687007874,1872
xbox.com,22,319,943,2.956112853,942
www.gov.uk,20,26,1811,69.65384615,1809
wustl.edu,14,234,807,3.448717949,806
wunderground.com,30,83,734,8.843373494,733
wufoo.com,14,115,959,8.339130435,958
howtogeek.com,18,18,3409,189.3888889,3408
windowsupdate.com,15,181,897,4.955801105,896
jwplayer.com,9,1,46,46,45
wpastra.com,41,201,2004,9.970149254,2003
wp.com,18,221,2646,11.97285068,2644
wowhead.com,25,224,3034,13.54464286,3033
worldcat.org,19,64,964,15.0625,963
wordreference.com,8,20,341,17.05,340
woocommerce.com,15,397,1253,3.156171285,1252
wondershare.com,15,206,618,3,617
thinkwithgoogle.com,18,23,348,15.13043478,347
wistia.com,31,44,822,18.68181818,820
wish.com,19,180,920,5.111111111,919
wise.com,9,1,46,46,45
wireshark.org,19,85,558,6.564705882,557
wired.com,23,89,1656,18.60674157,1655
wipo.int,18,48,905,18.85416667,904
windy.com,10,23,477,20.73913043,476
windowsazure.com,18,662,2712,4.096676737,2711
wikiquote.org,6,105,356,3.39047619,355
wikidot.com,15,9,323,35.88888889,322
wikibooks.org,6,112,367,3.276785714,366
welt.de,18,315,4964,15.75873016,4963
weibo.com,4,27,62,2.296296296,61
weheartit.com,18,182,1805,9.917582418,1804
webnode.com,14,117,524,4.478632479,523
weblio.jp,10,66,170,2.575757576,169
webflow.com,23,0,1545,Inf,1543
webmd.com,4,7,30,4.285714286,29
weather.gov,14,377,1118,2.965517241,1117
wbx2.com,29,74,1566,21.16216216,1565
waze.com,12,37,386,10.43243243,385
wattpad.com,15,78,470,6.025641026,469
washingtontimes.com,18,223,2070,9.282511211,2069
washingtonexaminer.com,25,293,1620,5.529010239,1619
warnerbros.com,21,50,957,19.14,956
walkme.com,15,139,2189,15.74820144,2188
walgreens.com,22,101,8520,84.35643564,8519
washingtonpost.com,19,50,706,14.12,705
w3schools.com,6,8,349,43.625,348
twitter.com,13,287,680,2.369337979,679
vulture.com,18,231,1717,7.432900433,1716
gvt2.com,25,158,881,5.575949367,880
vrbo.com,23,152,607,3.993421053,606
vogue.com,25,136,1710,12.57352941,1709
voanews.com,18,95,868,9.136842105,867
vnexpress.net,18,1123,4025,3.584149599,4024
visual.ly,13,152,517,3.401315789,516
visa.com,19,191,1905,9.97382199,1904
virustotal.com,4,3,54,18,53
virtualearth.net,18,52,443,8.519230769,442
virtualbox.org,11,14,174,12.42857143,173
virginia.edu,11,0,790,Inf,788
vine.co,7,12,54,4.5,53
viglink.com,19,241,1404,5.825726141,1403
vidio.com,15,182,6374,35.02197802,6373
videolan.org,12,141,785,5.567375887,784
verywellmind.com,12,123,729,5.926829268,728
verywellhealth.com,12,142,788,5.549295775,787
verizonmedia.com,15,7,60,8.571428571,59
verizonmedia.com,29,419,1591,3.797136038,1590
vecteezy.com,15,537,7491,13.94972067,7490
vanityfair.com,24,116,1585,13.6637931,1584
vanderbilt.edu,25,241,1018,4.22406639,1017
gravatar.com,14,125,583,4.664,582
uwaterloo.ca,20,135,813,6.022222222,812
issuu.com,22,19,428,22.52631579,427
utorrent.com,14,56,545,9.732142857,544
utoronto.ca,23,53,512,9.660377358,511
utah.edu,15,156,1028,6.58974359,1026
ustream.tv,16,112,560,5,559
uspto.gov,34,52,1481,28.48076923,1480
usmagazine.com,17,249,1722,6.915662651,1721
usf.edu,15,71,751,10.57746479,750
uservoice.com,12,120,504,4.2,503
user-shield.com,14,28,263,9.392857143,262
usembassy.gov,10,260,806,3.1,805
uscourts.gov,16,52,1502,28.88461538,1501
uscis.gov,27,45,653,14.51111111,652
uscis.gov,16,145,1067,7.35862069,1066
usbank.com,22,39,1504,38.56410256,1503
usatoday.com,16,21,1447,68.9047619,1446
zoom.us,12,3,221,73.66666667,219
urbandictionary.com,14,86,992,11.53488372,991
uq.edu.au,13,119,460,3.865546218,459
uptodown.com,11,259,1210,4.671814672,1209
upi.com,16,109,690,6.330275229,689
uoregon.edu,29,137,997,7.277372263,996
unsw.edu.au,21,136,1191,8.757352941,1190
unpkg.com,8,18,144,8,143
unity3d.com,20,92,1003,10.90217391,1002
unity3d.com,20,127,1206,9.496062992,1205
uniqlo.com,15,387,1691,4.369509044,1690
unimelb.edu.au,18,85,648,7.623529412,647
unicef.org,33,92,957,10.40217391,956
unhcr.org,15,193,685,3.549222798,684
unfccc.int,27,71,1508,21.23943662,1507
undp.org,25,62,1241,20.01612903,1240
techcrunch.com,15,244,877,3.594262295,876
unam.mx,7,1,43,43,42
umass.edu,23,111,1044,9.405405405,1043
ultimate-guitar.com,19,274,1982,7.233576642,1981
uky.edu,18,196,820,4.183673469,819
bbc.co.uk,12,13,246,18.92307692,245
uiowa.edu,18,90,772,8.577777778,771
uidai.gov.in,26,144,2541,17.64583333,2540
uic.edu,14,20,346,17.3,345
intuit.com,16,66,451,6.833333333,450
uh.edu,14,86,598,6.953488372,597
uga.edu,13,70,389,5.557142857,388
uefa.com,22,195,2567,13.16410256,2566
udn.com,15,612,2794,4.565359477,2793
udel.edu,22,169,1571,9.295857988,1570
udacity.com,23,88,636,7.227272727,635
ucsf.edu,18,134,1113,8.305970149,1112
ucsc.edu,15,77,345,4.480519481,344
ucsb.edu,25,37,642,17.35135135,641
ucoz.ru,18,91,530,5.824175824,529
uconn.edu,21,122,655,5.368852459,654
ucl.ac.uk,15,164,871,5.31097561,870
juntadeandalucia.es,11,52,821,15.78846154,820
ucdavis.edu,25,92,1585,17.22826087,1584
ubereats.com,17,146,465,3.184931507,464
ubereats.com,21,322,1033,3.208074534,1032
ubc.ca,13,75,411,5.48,410
ualberta.ca,25,183,857,4.683060109,856
typekit.net,15,59,455,7.711864407,454
tynt.com,8,3,34,11.33333333,33
twilio.com,20,85,1326,15.6,1325
tvphapluat.vn,21,401,1412,3.521197007,1411
tutsplus.com,15,704,3790,5.383522727,3789
tutorialspoint.com,16,405,2346,5.792592593,2345
turkiye.gov.tr,11,56,549,9.803571429,548
tunein.com,21,157,1403,8.936305732,1402
tufts.edu,26,120,1259,10.49166667,1258
trontv.com,8,7,75,10.71428571,74
tripadvisor.com,24,489,1653,3.380368098,1652
tribalfusion.com,15,146,1232,8.438356164,1231
trendmicro.com,25,188,2006,10.67021277,2005
tremorhub.com,6,0,38,Inf,37
treehugger.com,12,185,947,5.118918919,946
treasury.gov,24,298,1370,4.597315436,1369
travelandleisure.com,17,538,2850,5.29739777,2849
tradedoubler.com,30,232,1159,4.995689655,1158
toutiao.com,2,3,15,5,14
torob.com,20,49,1292,26.36734694,1291
tomshardware.com,16,198,1265,6.388888889,1264
tomsguide.com,16,184,1015,5.516304348,1014
usatoday.com,25,741,3375,4.55465587,3374
tmz.com,15,444,2423,5.457207207,2422
tinyurl.com,12,26,14963,575.5,14962
tinkoff.ru,23,82,1971,24.03658537,1970
timeweb.ru,8,2,68,34,67
timesofisrael.com,14,852,2333,2.738262911,2332
timeout.com,17,284,1258,4.429577465,1257
ticketmaster.com,7,12,57,4.75,56
thoughtco.com,12,107,552,5.158878505,551
thomsonreuters.com,33,135,2419,17.91851852,2418
thinkwithgoogle.com,23,197,1591,8.076142132,1590
thinkific.com,14,161,696,4.322981366,695
thingiverse.com,17,129,1619,12.5503876,1618
thestreet.com,24,293,2440,8.327645051,2439
thestar.com,43,193,2341,12.12953368,2340
thespruce.com,15,184,1231,6.690217391,1230
thesaurus.com,25,164,929,5.664634146,928
theregister.co.uk,16,113,2428,21.48672566,2426
theonion.com,21,309,1392,4.504854369,1391
thenextweb.com,18,205,1388,6.770731707,1387
thenation.com,17,226,723,3.199115044,722
themegrill.com,35,197,1384,7.025380711,1383
theme-fusion.com,25,291,2514,8.639175258,2513
theknot.com,30,336,3340,9.94047619,3339
theintercept.com,21,33,576,17.45454545,575
thehindu.com,17,866,3213,3.710161663,3212
thegatewaypundit.com,14,415,1168,2.814457831,1167
theepochtimes.com,16,1351,4209,3.115470022,4208
thebalancecareers.com,12,90,730,8.111111111,729
thebalance.com,16,120,1265,10.54166667,1264
theage.com.au,20,236,3349,14.19067797,3348
thawte.com,14,28,335,11.96428571,334
texas.gov,17,27,474,17.55555556,473
tesla.com,16,24,1016,42.33333333,1015
tenable.com,15,159,3954,24.86792453,3953
tempo.co,23,1065,3009,2.825352113,3008
telegraph.co.uk,9,1,76,76,75
tejaratnews.com,17,293,1476,5.037542662,1475
teespring.com,13,94,576,6.127659574,575
techtarget.com,22,310,2294,7.4,2293
techsmith.com,31,180,1555,8.638888889,1554
techrepublic.com,14,257,1996,7.766536965,1995
technoratimedia.com,2,9,22,2.444444444,21
technologyreview.com,17,115,1013,8.808695652,1012
teachable.com,23,108,800,7.407407407,799
tdameritrade.com,21,341,1471,4.313782991,1470
td.com,15,132,846,6.409090909,845
tass.ru,6,0,26,Inf,25
tamu.edu,14,129,676,5.240310078,675
tampabay.com,26,114,1983,17.39473684,1982
tagesschau.de,21,224,3159,14.10267857,3158
tableau.com,25,104,1111,10.68269231,1110
t-online.de,22,268,5899,22.01119403,5898
t-mobile.com,21,99,1850,18.68686869,1849
syr.edu,18,132,1077,8.159090909,1076
suntimes.com,18,455,2139,4.701098901,2138
samsung.com,19,170,1538,9.047058824,1537
sueddeutsche.de,33,922,5828,6.321041215,5826
substack.com,18,55,545,9.909090909,544
study.com,14,47,2580,54.89361702,2579
stripchat.com,24,122,4755,38.97540984,4754
mystrikingly.com,13,64,626,9.78125,625
streamable.com,11,34,162,4.764705882,161
strava.com,10,65,173,2.661538462,172
straitstimes.com,40,148,2448,16.54054054,2447
storm.mg,18,246,3185,12.94715447,3184
stockx.com,15,2,70,35,69
stitcher.com,17,31,362,11.67741935,361
steemit.com,23,27,2831,104.8518519,2830
startribune.com,15,439,1347,3.06833713,1346
starbucks.com,14,103,461,4.475728155,460
standard.co.uk,19,281,3451,12.28113879,3450
stackadapt.com,15,118,2347,19.88983051,2346
ssrn.com,17,128,519,4.0546875,518
ssense.com,16,3,84,28,83
ssa.gov,10,25,286,11.44,285
squareup.com,27,69,2229,32.30434783,2228
squarespace.com,27,69,2229,32.30434783,2228
spreaker.com,17,70,609,8.7,608
sportbible.com,44,77,1926,25.01298701,1925
splashthat.com,18,182,2445,13.43406593,2444
speakerdeck.com,12,43,589,13.69767442,588
myspace.com,16,183,1002,5.475409836,1001
sozcu.com.tr,14,628,1918,3.054140127,1917
southwest.com,35,41,977,23.82926829,976
sourceware.org,13,1,207,207,206
sophos.com,30,65,1308,20.12307692,1307
sonyliv.com,3,18,58,3.222222222,57
sony.com,15,68,1072,15.76470588,1071
sonobi.com,17,192,925,4.817708333,924
softpedia.com,11,279,1233,4.419354839,1232
snopes.com,13,172,773,4.494186047,772
smugmug.com,11,74,429,5.797297297,428
smithsonianmag.com,14,126,1366,10.84126984,1365
smashingmagazine.com,16,72,809,11.23611111,808
smartsheet.com,25,465,3326,7.152688172,3325
smartasset.com,18,85,1368,16.09411765,1367
slickdeals.net,18,221,4879,22.07692308,4878
skysports.com,14,169,2023,11.9704142,2022
skyrock.com,14,226,968,4.283185841,967
skype.com,20,167,779,4.664670659,778
skimresources.com,6,5,26,5.2,25
sketchup.com,23,103,9920,96.31067961,9919
sketchfab.com,16,197,1614,8.192893401,1613
sindonews.com,15,274,983,3.587591241,982
simpli.fi,13,93,442,4.752688172,441
simplesite.com,15,106,1032,9.735849057,1031
siemens.com,12,30,588,19.6,587
sina.com.cn,24,110,3677,33.42727273,3675
shutterfly.com,22,215,1512,7.03255814,1511
shrm.org,26,180,1692,9.4,1691
shopee.co.id,26,129,16188,125.4883721,16182
shopbop.com,21,81,2389,29.49382716,2388
shimo.im,18,57,699,12.26315789,698
sharethis.com,16,133,789,5.932330827,788
sfchronicle.com,18,379,3154,8.321899736,3153
seznam.cz,38,398,2523,6.33919598,2522
googletagservices.com,15,20,555,27.75,554
service-now.com,30,87,2214,25.44827586,2213
serverwatch.com,20,230,1119,4.865217391,1118
sentry.io,18,112,1357,12.11607143,1356
sendinblue.com,63,311,1558,5.009646302,1557
semrush.com,17,83,2786,33.56626506,2785
semanticscholar.org,17,42,351,8.357142857,350
self.com,23,80,1820,22.75,1819
segment.io,16,43,1397,32.48837209,1395
sedo.com,14,71,5469,77.02816901,5468
basecamp.com,30,35,932,26.62857143,931
searchengineland.com,20,210,924,4.4,923
searchenginejournal.com,14,550,2559,4.652727273,2558
screenrant.com,18,39,983,25.20512821,982
scoop.it,12,48,364,7.583333333,363
sciencealert.com,22,34,545,16.02941176,544
schwab.com,29,371,1698,4.576819407,1697
schneier.com,15,222,688,3.099099099,687
sc-static.net,6,0,38,Inf,37
sbs.com.au,23,407,2015,4.950859951,2014
sbnation.com,24,398,2849,7.158291457,2848
sba.gov,16,37,1025,27.7027027,1024
sav.com,13,25,411,16.44,410
sarkariresult.com,17,221,797,3.606334842,796
sapo.pt,24,503,4594,9.133200795,4593
sap.com,23,41,867,21.14634146,866
sandiegouniontribune.com,22,510,2595,5.088235294,2594
samsclub.com,24,47,639,13.59574468,638
samplicio.us,7,2,30,15,29
salon.com,18,49,876,17.87755102,875
saednews.com,17,437,2232,5.107551487,2231
rutracker.org,26,167,1932,11.56886228,1931
rutgers.edu,29,69,1468,21.27536232,1467
rumble.com,13,55,883,16.05454545,882
rtve.es,22,1708,10203,5.973653396,10202
kickstarter.com,15,340,1820,5.352941176,1819
etherscan.io,21,71,534,7.521126761,533
royalsocietypublishing.org,17,64,1346,21.03125,1345
routledge.com,13,86,485,5.639534884,484
herokuapp.com,22,69,419,6.072463768,418
rokna.net,18,113,2476,21.91150442,2475
rochester.edu,11,77,455,5.909090909,454
educationaltoysplanet.com,20,71,1149,16.18309859,1148
edbmails.com,14,101,1146,11.34653465,1145
ebarus.com,6,6,38,6.333333333,37
eatwisconsincheese.com,15,44,472,10.72727273,471
eaglenews.ph,16,177,1219,6.88700565,1218
e-tetradio.gr,18,15,645,43,644
e-invest.biz,14,33,1593,48.27272727,1592
dramapanda.com,15,149,558,3.744966443,557
downloadprogramsline.com,24,116,706,6.086206897,705
download-tipp.de,14,73,507,6.945205479,506
cdotrends.com,19,122,2589,21.22131148,2588
donedone.com,14,126,522,4.142857143,521
doferm.ru,20,143,1123,7.853146853,1122
dnisecurity.co.uk,17,66,403,6.106060606,402
dirhello.com,13,1,316,316,315
directunlocks.com,21,85,19581,230.3647059,19580
diamondridgedaycamp.com,7,15,62,4.133333333,61
dezwerver.nl,13,21,483,23,482
develop4u.co,28,22,761,34.59090909,760
denesen.mk,13,143,744,5.202797203,743
dbdrainagesolutionsltd.co.uk,21,53,679,12.81132075,678
datasport.it,28,233,2035,8.733905579,2034
databasestar.com,24,132,494,3.742424242,493
dalbar.com,24,33,479,14.51515152,478
cyberstates.org,15,2,1499,749.5,1498
cutefoodforkids.com,26,126,1058,8.396825397,1057
culturalforum.ru,15,42,490,11.66666667,489
csdindia.gov.in,18,4,329,82.25,328
cruzcampo.es,13,41,2943,71.7804878,2942
crownforeverla.com,20,114,7355,64.51754386,7354
crowncenter.com,24,27,359,13.2962963,358
couriernewsroom.com,15,102,439,4.303921569,438
countrywatch.com,23,11,879,79.90909091,878
corep.fr,15,211,1009,4.781990521,1008
copywriter.com.tw,12,135,821,6.081481481,820
contenta.co,16,6,1361,226.8333333,1360
connectmeetings.com,13,31,710,22.90322581,709
concordma.gov,28,15,734,48.93333333,733
commongroundnews.org,17,140,1112,7.942857143,1111
cmsjunkie.com,23,273,2166,7.934065934,2165
clubbingspain.com,15,21,4954,235.9047619,4953
cltoys.com,23,68,1267,18.63235294,1266
clickblue.us,7,4,27,6.75,26
clearingandsettle.biz,7,15,63,4.2,62
claritycrm.com,14,3,1471,490.3333333,1470
claremontestates.co.uk,16,18,1096,60.88888889,1095
cityofwestsacramento.org,16,15,712,47.46666667,711
city-discovery.com,19,53,1036,19.54716981,1035
cittanuova.it,16,100,2473,24.73,2472
cirpllc.com,11,23,163,7.086956522,162
cdta.org,22,64,785,12.265625,784
cdotrends.com,25,34,1388,40.82352941,1387
catacombesancallisto.it,12,6,351,58.5,350
cartoondollemporium.com,11,145,2081,14.35172414,2080
carsflow.com,28,152,1432,9.421052632,1431
carlow-nationalist.ie,16,138,1165,8.442028986,1164
caregivercertificationonlinecourse.com,45,53,1058,19.96226415,1057
carbidedepot.com,8,2,56,28,55
capsahealthcare.com,18,80,1063,13.2875,1062
cambridgeacademyofenglish.com,14,95,1138,11.97894737,1137
californiastyleshop.com,7,4,27,6.75,26
buytermpaper.org,9,5,82,16.4,81
businessfinancearticles.org,21,110,1831,16.64545455,1830
businessdocker.com,18,138,1054,7.637681159,1053
businessdiary.com.ph,18,112,1272,11.35714286,1271
bureo.co,14,64,1001,15.640625,1000
brujulabike.com,12,124,598,4.822580645,597
boomchart.net,15,90,763,8.477777778,762
bloggo.nu,13,33,196,5.939393939,195
bleedingheartland.com,11,132,999,7.568181818,998
bjyfkj.net,11,8,122,15.25,121
bitiba.it,20,24,1681,70.04166667,1680
bible-center.ru,16,8,583,72.875,582
berlingskemedia.dk,21,15,1174,78.26666667,1173
belmont.gov,16,10,932,93.2,931
belltec.com,13,85,509,5.988235294,508
bellini.shop,23,85,1501,17.65882353,1500
belarosso.ru,18,14,2574,183.8571429,2573
beerstreetjournal.com,15,206,964,4.67961165,963
beebenet.org,14,21,465,22.14285714,464
beatsoup.net,14,5,111,22.2,110
beachwoodreporter.com,12,81,453,5.592592593,452
balfourbeattyus.com,18,25,593,23.72,592
bakertilly.ca,18,181,1254,6.928176796,1253
babycubby.com,22,67,3002,44.80597015,3001
baby-country.ru,18,4,1572,393,1571
autoorigin.com,7,15,62,4.133333333,61
automotivebusiness.com.br,15,102,869,8.519607843,868
autismcanada.org,34,116,1330,11.46551724,1329
auroratrainingadvantage.com,9,55,177,3.218181818,176
audison.eu,19,122,1085,8.893442623,1084
audiolove.me,14,12,464,38.66666667,463
atr.ua,17,15,825,55,824
asperbrothers.com,16,100,909,9.09,908
armstronggarden.com,14,124,1202,9.693548387,1201
arfu.co.kr,18,31,2853,92.03225806,2852
alphanews.live,23,35,1898,54.22857143,1897
almnatiq.net,21,153,1253,8.189542484,1252
aja.fr,31,34,3506,103.1176471,3505
airweave.com,15,81,1200,14.81481481,1199
agro-alimentarias.coop,13,61,702,11.50819672,701
aforkstale.com,13,160,641,4.00625,640
affnotes.com,12,128,500,3.90625,499
affinitywater.co.uk,18,18,1297,72.05555556,1296
aeeolica.org,24,140,2032,14.51428571,2031
adiumpharma.com,20,82,575,7.012195122,574
acme-journal.org,15,63,246,3.904761905,245
account-expert.com,17,15,272,18.13333333,271
academyartcollegestudent.biz,7,21,71,3.380952381,70
abrizo.com,10,16,299,18.6875,298
aacta.org,17,138,581,4.210144928,580
explorationproject.org,15,142,1037,7.302816901,1036
evergreen-ils.org,24,114,588,5.157894737,587
eusa.eu,15,150,1133,7.553333333,1132
esynergy.com,7,15,63,4.2,62
essay-sharks.com,15,2,475,237.5,474
emtb-news.de,16,144,2207,15.32638889,2206
employmenttimes.com,7,15,63,4.2,62
elsur.cl,14,109,769,7.055045872,768
eliteworldhotels.com.tr,18,38,1807,47.55263158,1806
elevatedliving.design,23,87,665,7.643678161,664
elebele.xyz,21,55,1958,35.6,1957
elcapitalfinanciero.com,8,2,55,27.5,54
neurotems-coin.site,16,32,491,15.34375,490
neuralcorrelate.com,9,0,24,Inf,23
neighborhoodondemand.com,7,15,63,4.2,62
ncc.se,13,55,632,11.49090909,631
nativex.com,16,12,588,49,587
myweddingreceptionideas.com,24,174,1034,5.942528736,1033
myradiolink.com,21,129,1046,8.108527132,1045
myhousedeals.com,18,66,600,9.090909091,599
myaffordabledentalmarketing.com,8,28,330,11.78571429,329
mutts.com,18,85,2111,24.83529412,2110
mudikbumn.co.id,13,148,463,3.128378378,462
mua.my,32,131,1580,12.0610687,1579
moviedee24.com,8,2,55,27.5,54
morocco.com,12,124,684,5.516129032,683
monroeccc.edu,28,31,643,20.74193548,642
mojpardaz.com,18,8,1063,132.875,1062
mojorecords.com,10,33,132,4,131
mfrural.com.br,14,94,680,7.234042553,679
membersolutions.com,19,51,1534,30.07843137,1533
megspace.com,6,3,42,14,41
medpeer.co.jp,23,38,742,19.52631579,741
mc10inc.com,21,76,2098,27.60526316,2097
maskaevlawyer.ru,11,12,178,14.83333333,177
maryhillmuseum.org,20,120,745,6.208333333,744
maremagnum.com,19,71,541,7.61971831,540
marchernandez.es,32,120,882,7.35,881
madeinbebe.com,22,143,2518,17.60839161,2517
madefrompinterest.net,15,10,532,53.2,531
luxuryfacts.com,11,49,358,7.306122449,357
ludosln.net,23,85,538,6.329411765,537
loryapps.com,4,5,21,4.2,20
logic.at,8,7,128,18.28571429,127
littlechapel.com,20,79,722,9.139240506,721
lipidjournal.com,27,18,1349,74.94444444,1348
lionsclubs.org.hk,18,153,476,3.111111111,475
lions.nl,18,61,398,6.524590164,397
lifebeyondnumbers.com,35,86,1331,15.47674419,1330
lido.app,14,99,434,4.383838384,433
liderform.com.tr,20,64,16471,257.359375,16470
lhsc.on.ca,27,41,443,10.80487805,442
lesstroy.net,22,33,2493,75.54545455,2492
leapoffaithcrafting.com,14,131,986,7.526717557,985
lbilodeau-fils.com,20,16,380,23.75,379
laoctava.com,14,49,4758,97.10204082,4757
lamule.eu,7,4,41,10.25,40
lamcoretirement.com,7,15,62,4.133333333,61
lahrer-zeitung.de,20,160,1418,8.8625,1417
lagospost.ng,21,149,1442,9.677852349,1441
lacrawfish.com,18,137,1216,8.875912409,1215
brujulabike.com,20,174,2030,11.66666667,2029
kweather.co.kr,2,2,33,16.5,32
kudo.tips,11,140,742,5.3,741
kprmk.pl,7,3,49,16.33333333,48
kostroma.today,15,152,2171,14.28289474,2170
konet.ch,17,22,419,19.04545455,418
kointimes.net,16,26,1000,38.46153846,999
knative.dev,26,10,1222,122.2,1221
kingscountypolitics.com,14,113,1018,9.008849558,1017
kezmosas.hu,18,116,1168,10.06896552,1167
kaspi.az,16,96,948,9.875,947
kaplife.ru,22,20,2051,102.55,2050
kamianets.com,28,9,1111,123.4444444,1110
kaleostra.biz,12,6,658,109.6666667,657
k81c.com,3,4,16,4,15
jpjcpa.com,7,15,63,4.2,62
jobsintr.net,30,107,1767,16.51401869,1766
jobsearchintelligence.com,8,4,84,21,83
jeux4all.com,4,5,21,4.2,20
jeffreyjtrester.com,7,21,70,3.333333333,69
jameslsorensonattorney.com,7,15,62,4.133333333,61
itemex.com,7,15,62,4.133333333,61
issalute.it,20,17,393,23.11764706,392
isramedia.net,16,48,4545,94.6875,4544
ishtari.com,24,35,3977,113.6285714,3976
iranzayeat.com,16,19,1605,84.47368421,1604
iranidata.com,18,204,1340,6.568627451,1339
iradesign.io,13,29,1358,46.82758621,1357
iprcenter.gov,14,84,347,4.130952381,346
ipieca.org,18,8,1935,241.875,1934
insidetax.com,7,15,62,4.133333333,61
infoamazonia.org,21,97,1227,12.64948454,1226
industrialscripts.com,26,149,1180,7.919463087,1179
index-f.com,24,23,733,31.86956522,732
inclusivenews.org,8,2,55,27.5,54
imageperfect.in,22,61,755,12.37704918,754
iiitdm.ac.in,16,33,827,25.06060606,826
iflypaws.com,7,15,62,4.133333333,61
ifanjian.net,12,111,890,8.018018018,889
ieltstehran.com,25,99,868,8.767676768,867
idfcmf.com,13,50,291,5.82,290
icreatemagazine.nl,16,159,1208,7.597484277,1207
hundegalleri.dk,17,61,1095,17.95081967,1094
housershoes.com,23,51,1688,33.09803922,1687
hotsunglass.co.kr,16,47,3534,75.19148936,3533
horsenetwork.com,12,184,557,3.027173913,556
homeleisuredirect.com,16,115,2471,21.48695652,2470
homeaway.nl,23,120,606,5.05,605
hnfnieruchomosci.pl,14,3,1608,536,1607
hippostcard.com,19,35,1358,38.8,1357
highfield.de,17,17,997,58.64705882,996
hi-target.com.cn,13,172,646,3.755813953,645
herzing.ca,149,182,10500,57.69230769,10499
healthyessentials.com,20,21,1349,64.23809524,1348
health-ua.org,11,29,611,21.06896552,610
hbobrasil.com,13,58,988,17.03448276,987
harebrainedschemes.com,7,15,62,4.133333333,61
greenhomebuilding.com,15,14,574,41,573
gpstrackit.com,43,98,1859,18.96938776,1858
govdocs.com,19,171,1435,8.391812865,1434
gorancho.com,19,141,654,4.638297872,653
goblackbears.com,20,96,1529,15.92708333,1528
go2fete.com,14,146,923,6.321917808,922
go1a.de,20,8,2162,270.25,2161
gmtco.asia,4,2,13,6.5,12
glassumadije.rs,18,151,1943,12.86754967,1942
generiquefr.com,23,0,558,Inf,557
gehu.ac.in,23,15,1336,89.06666667,1335
geektified.com,10,1,136,136,135
gazel.com.pe,11,11,234,21.27272727,233
garfield-county.com,25,86,1308,15.20930233,1307
futureofstorytelling.org,14,23,294,12.7826087,293
fundinno.com,17,120,1348,11.23333333,1347
fullindirsene.net,21,125,855,6.84,854
frutalestropicales.com,24,66,3226,48.87878788,3225
freshproposals.com,18,74,721,9.743243243,720
forcas.com,20,30,837,27.9,836
fnanen.com,12,12,750,62.5,749
floridaentandallergy.com,22,110,1742,15.83636364,1741
fivebranches.edu,31,165,1354,8.206060606,1353
firstlook.media,20,18,140,7.777777778,139
fiepr.org.br,13,147,463,3.149659864,462
ferrerorocher.com,27,51,745,14.60784314,744
fenerium.com,20,22,5704,259.2727273,5703
felinediabetes.com,18,3,254,84.66666667,253
felb.world,12,90,567,6.3,566
federalnewz.com,7,54,340,6.296296296,339
fbscan.com,7,8,2072,259,2071
zymoresearch.com,12,53,1086,20.49056604,1085
zprad.com,28,123,1428,11.6097561,1427
zoomy.info,15,164,526,3.207317073,525
zooferon.ru,12,16,299,18.6875,298
ziplocal.com,21,127,942,7.417322835,941
zgpingshu.com,14,197,835,4.23857868,834
zaq2.pl,23,33,686,20.78787879,685
zacasniodvzem.si,24,143,608,4.251748252,607
yourbodyholiday.com,7,15,62,4.133333333,61
youget.pt,37,110,21010,191,21009
yekemlak.az,19,16,1070,66.875,1069
yansmedia.com,15,82,750,9.146341463,749
yalehome.co.uk,28,235,1758,7.480851064,1757
xxxclips.mobi,10,40,2698,67.45,2697
xn--bdka7fb.jp,21,147,1807,12.29251701,1806
xn--b1agj4aeg1b.su,16,24,273,11.375,272
xalqsigorta.az,14,13,1430,110,1429
x-leather.com,27,75,1508,20.10666667,1507
worldsbiggestpacman.com,9,69,984,14.26086957,983
wooreedong.kr,19,9,1551,172.3333333,1550
woopmylife.org,12,16,95,5.9375,94
wojas.pl,17,221,1942,8.787330317,1941
wnjradio.com,16,62,521,8.403225806,520
willowsoul.com,13,171,631,3.69005848,630
wikihow.fitness,15,59,572,9.694915254,571
wikifactory.com,23,133,1044,7.84962406,1043
whosenumber.info,17,169,556,3.289940828,555
whhbx.com,8,2,50,25,49
westernrise.com,18,83,1845,22.22891566,1844
wendangwang.com,9,3,847,282.3333333,846
wegift.io,18,5,1060,212,1059
wbedu.in,20,121,1402,11.58677686,1401
visualeconomics.com,18,79,440,5.569620253,439
visitportsmouth.co.uk,16,29,3761,129.6896552,3760
videoforums.co.uk,14,3,321,107,320
vesselbags.com,18,71,1143,16.09859155,1142
versatag.com,7,15,63,4.2,62
venetoinside.com,27,30,1316,43.86666667,1315
vasco.com.br,19,205,1467,7.156097561,1466
vamaship.com,29,67,1325,19.7761194,1324
valorone.ga,3,0,16,Inf,15
uwire.com,13,127,337,2.653543307,336
utnecast.net,7,15,62,4.133333333,61
usedwalsall.co.uk,18,38,1073,28.23684211,1072
usedvacuumfurnace.com,7,15,63,4.2,62
unschool.in,15,77,3899,50.63636364,3898
unitedhealthcenters.org,21,30,646,21.53333333,645
uncannyxmen.net,16,38,511,13.44736842,510
ultrasone.com,20,149,1051,7.053691275,1050
twuffer.com,24,79,1681,21.27848101,1680
tvnow.ch,20,46,4876,106,4875
trishintel.com,23,95,906,9.536842105,905
tririvers.net,7,15,62,4.133333333,61
treyhunner.com,8,41,199,4.853658537,198
trevorloudon.com,19,159,1428,8.981132075,1427
travelceto.com,22,142,995,7.007042254,994
transportationinsight.com,21,105,705,6.714285714,704
transitsystems.net,7,15,62,4.133333333,61
totostation.com,17,127,1394,10.97637795,1393
toobiggie.com,20,92,1038,11.2826087,1037
tombola.co.uk,13,6,93,15.5,92
tierarzt-vs.de,10,4,175,43.75,174
thewellproject.org,27,98,746,7.612244898,745
thereadystate.com,21,111,1775,15.99099099,1774
thequotesmaster.com,18,33,609,18.45454545,608
thenutritionwatchdog.com,12,149,759,5.093959732,758
thelawyerportal.com,16,133,2081,15.64661654,2080
thegoodhuman.com,24,117,1087,9.290598291,1086
thecoaches.com,20,34,1079,31.73529412,1078
teilhabeberatung.de,21,12,461,38.41666667,460
teamnest.com,18,24,671,27.95833333,670
talkphotography.co.uk,13,8,206,25.75,205
taliskerwhiskyatlanticchallenge.com,20,85,1195,14.05882353,1194
talentodigitalparachile.cl,27,107,1826,17.06542056,1825
taiwanus.net,42,29,2619,90.31034483,2618
sweetlovemessages.com,17,96,654,6.8125,653
suttacentral.net,5,8,63,7.875,62
submit.com,18,102,1592,15.60784314,1591
stingraybranding.com,25,87,1577,18.12643678,1576
stevecatlin.com,7,15,62,4.133333333,61
srg-it.ru,18,86,1156,13.44186047,1155
sprayworksequipment.com,21,146,1304,8.931506849,1303
spotcoolstuff.com,10,3,471,157,470
spinthewheel.app,19,17,879,51.70588235,878
spinn.com,13,76,460,6.052631579,459
speelspelletjes.nl,16,162,2398,14.80246914,2397
spca.nz,12,16,970,60.625,969
spb-guide.ru,35,6,2362,393.6666667,2361
spalumi.com,25,28,1069,38.17857143,1068
space2u.com,16,82,562,6.853658537,561
sota.org.uk,15,15,237,15.8,236
solverde.pt,17,52,473,9.096153846,472
sofacompany.com,2,10,27,2.7,26
snugglemeorganic.com,19,84,1599,19.03571429,1598
skuimg.com,7,3,37,12.33333333,36
sjmarketing.com,14,12,841,70.08333333,840
sixt.com.tr,15,55,1301,23.65454545,1300
sitesatlas.com,18,13,1073,82.53846154,1072
simplish.org,17,30,1158,38.6,1157
simakterus.com,14,110,385,3.5,384
silhouettedonna.it,24,190,1843,9.7,1842
shriramproperties.com,19,15,1191,79.4,1190
shipadelivery.com,17,18,1119,62.16666667,1118
shagird.info,15,13,518,39.84615385,517
servas.org,19,42,997,23.73809524,996
sentireascoltare.com,24,193,1380,7.150259067,1379
searchfacts.com,23,81,809,9.987654321,808
sctv.co.id,23,15,1369,91.26666667,1368
scouthelsingborg.se,13,97,603,6.216494845,602
scotturb.com,22,111,713,6.423423423,712
scamvoid.net,10,66,206,3.121212121,205
sbsheriff.org,20,130,1783,13.71538462,1782
sanpedrosun.com,15,190,560,2.947368421,559
sanet.ws,8,2,59,29.5,58
saltys.com,21,114,527,4.622807018,526
rubysinn.com,24,105,1729,16.46666667,1728
roundshot.ch,11,26,260,10,259
rotoscopers.com,24,16,1490,93.125,1489
roncalli.de,17,228,780,3.421052632,779
romeguide.it,20,13,943,72.53846154,942
rocksolidthemes.com,11,94,454,4.829787234,453
rf-news.de,15,115,1041,9.052173913,1040
resort.com,6,0,48,Inf,47
reserve.ne.jp,14,157,1269,8.082802548,1268
remotemode.com,18,24,675,28.125,674
remeslodom.ru,20,160,2111,13.19375,2110
remesh.ai,17,123,769,6.25203252,768
relatedsearches.net,10,13,96,7.384615385,95
rejectshop.com.au,21,22,2093,95.13636364,2092
redoakprimaryschool.co.uk,13,1,74,74,73
redideostudio.com,45,87,2339,26.88505747,2338
rebornevo.com,24,121,893,7.380165289,892
realseeds.co.uk,11,7,390,55.71428571,389
reactable.com,18,112,355,3.169642857,354
rapp.com,12,12,225,18.75,224
raponline.org,15,87,914,10.50574713,913
ranobehub.org,16,139,1897,13.64748201,1896
railexplorers.net,9,47,283,6.021276596,282
quickwayimports.com,16,91,1014,11.14285714,1013
qqpokeronline.win,11,108,455,4.212962963,454
puppytoob.com,19,99,623,6.292929293,622
pt-x.com,18,115,1554,13.51304348,1553
pspca.org,26,15,524,34.93333333,523
prvnizpravy.cz,19,112,538,4.803571429,537
provenit.com,16,117,1171,10.00854701,1170
prospectivedoctor.com,20,139,712,5.122302158,711
prolongator.com.ua,11,45,343,7.622222222,342
projectengineer.net,14,174,567,3.25862069,566
primgazeta.ru,17,90,1245,13.83333333,1244
premierecollectibles.com,17,110,2612,23.74545455,2611
portaransas.org,26,90,1737,19.3,1736
poorcredit.org,8,54,268,4.962962963,267
pocketcalculatorshow.com,15,163,1164,7.141104294,1163
plusclub.net,12,107,4421,41.31775701,4420
playfrance.com,15,15,673,44.86666667,672
planeteblog.net,3,0,11,Inf,10
pioneer.app,24,74,2314,31.27027027,2313
pickering.ca,27,47,953,20.27659574,952
pickcel.com,16,33,1952,59.15151515,1951
peterburgregiongaz.ru,13,37,311,8.405405405,310
peco-uk.com,21,48,1252,26.08333333,1251
pardubickyvinarskypulmaraton.cz,14,14,1259,89.92857143,1258
paolalenti.it,13,140,704,5.028571429,703
pametnaroda.cz,13,94,403,4.287234043,402
pagepublishing.com,24,126,1152,9.142857143,1151
padlet-alternate.link,13,49,302,6.163265306,301
paasresearch.com,9,41,172,4.195121951,171
outletarredamento.it,17,9,751,83.44444444,750
orthodoxia.info,24,83,1671,20.13253012,1670
oreno.co.jp,16,221,796,3.601809955,795
orchardcommunities.com,7,15,63,4.2,62
optimisminc.ga,3,0,15,Inf,14
optikacenter.ru,10,9,247,27.44444444,246
onsen-yuyu.com,15,13,586,45.07692308,585
only2clicks.com,7,3,39,13,38
kostroma.today,19,17,1535,90.29411765,1534
oeru.org,12,12,404,33.66666667,403
odchudzanka.pl,12,168,841,5.005952381,840
ocugen.com,14,100,579,5.79,578
octafx.io,14,116,1343,11.57758621,1342
nycaudubon.org,13,43,541,12.58139535,540
ntcompatible.com,13,84,1405,16.72619048,1404
novelbuddy.com,13,21,656,31.23809524,655
nmd.mk,24,157,1298,8.267515924,1297
newsmusic.ru,32,42,969,23.07142857,968
zoom.us,16,158,1877,11.87974684,1876
zoho.com,25,28,1739,62.10714286,1738
zillow.com,20,67,1273,19,1272
zhihu.com,20,52,199,3.826923077,198
zerodha.com,15,67,638,9.52238806,636
zendesk.com,27,98,3182,32.46938776,3180
zendesk.com,26,65,1371,21.09230769,1370
zemanta.com,20,137,1060,7.737226277,1059
zdnet.com,21,27,2105,77.96296296,2104
yy.com,19,48,2797,58.27083333,2796
youtube.com,30,24,9053,377.2083333,9052
youtube.com,30,24,9060,377.5,9059
youronlinechoices.com,9,0,149,Inf,148
youm7.com,15,137,1443,10.53284672,1442
youku.com,20,107,1075,10.04672897,1073
yelp.com,27,114,611,5.359649123,610
yandex.ru,12,11,73,6.636363636,72
yale.edu,24,88,696,7.909090909,695
yahoo.com,15,6,189,31.5,187
y2mate.com,17,48,246,5.125,245
xvideos.com,16,45,1842,40.93333333,1841
xnxx.com,11,37,4922,133.027027,4920
xing.com,17,99,495,5,494
xhamster.com,15,66,5365,81.28787879,5363
xfinity.com,19,112,967,8.633928571,966
xbox.com,22,279,1193,4.275985663,1192
www.gov.uk,15,35,1163,33.22857143,1161
wunderground.com,29,77,737,9.571428571,736
wufoo.com,15,102,987,9.676470588,986
wsj.com,26,230,2209,9.604347826,2208
wpengine.com,25,77,2158,28.02597403,2156
wp.com,16,126,1446,11.47619048,1445
worldometers.info,14,36,1596,44.33333333,1595
worldbank.org,40,287,2072,7.219512195,2071
wordpress.com,16,126,2183,17.32539683,2181
woocommerce.com,22,90,1531,17.01111111,1530
wix.com,41,80,2881,36.0125,2880
withgoogle.com,18,20,422,21.1,421
wisc.edu,12,72,1130,15.69444444,1128
wired.com,23,76,1539,20.25,1538
wiley.com,33,77,3415,44.35064935,3414
wildberries.ru,14,65,393,6.046153846,392
wiktionary.org,9,189,624,3.301587302,623
wikihow.com,15,51,2762,54.15686275,2760
wikia.com,10,36,2144,59.55555556,2143
who.int,23,31,2201,71,2200
whitehouse.gov,3,0,8,Inf,7
whatsapp.net,24,162,1520,9.382716049,1519
wetransfer.com,10,33,302,9.151515152,300
wellsfargo.com,18,43,1272,29.58139535,1271
weibo.com,3,0,11,Inf,10
weforum.org,25,32,3373,105.40625,3372
weebly.com,18,128,764,5.96875,763
webs.com,14,73,447,6.123287671,446
webex.com,29,49,1699,34.67346939,1698
webex.com,4,11,36,3.272727273,35
weather.com,19,40,1121,28.025,1120
wbx2.com,29,35,1115,31.85714286,1114
wayfair.com,4,2,9,4.5,8
washingtonpost.com,18,164,3119,19.01829268,3118
washingtonpost.com,12,171,625,3.65497076,624
walmart.com,26,137,827,6.03649635,826
w3schools.com,11,77,1078,14,1077
w3.org,16,65,438,6.738461538,437
twitter.com,14,283,739,2.61130742,738
vox.com,15,117,1617,13.82051282,1616
vnexpress.net,17,154,2738,17.77922078,2737
vmware.com,48,35,2281,65.17142857,2280
vkontakte.ru,20,61,339,5.557377049,338
vk.com,20,61,339,5.557377049,338
visualstudio.com,23,213,1361,6.389671362,1360
virginmedia.com,27,159,2022,12.71698113,2020
vimeo.com,22,88,1068,12.13636364,1067
googletagservices.com,22,108,992,9.185185185,991
verizon.com,29,334,1583,4.739520958,1582
verisign.com,15,34,1173,34.5,1172
venturebeat.com,10,221,1116,5.049773756,1115
varzesh3.com,23,126,4852,38.50793651,4851
variety.com,22,98,3215,32.80612245,3214
utoronto.ca,23,51,515,10.09803922,514
utexas.edu,16,103,630,6.116504854,629
uspto.gov,34,15,1524,101.6,1523
usps.com,12,224,949,4.236607143,948
usnews.com,19,207,2656,12.83091787,2655
usgs.gov,21,26,1853,71.26923077,1852
usda.gov,19,51,648,12.70588235,647
usc.edu,16,136,1061,7.801470588,1060
usatoday.com,16,44,563,12.79545455,562
zoom.us,9,6,95,15.83333333,94
urbandictionary.com,16,84,775,9.226190476,774
upwork.com,22,74,3455,46.68918919,3454
ups.com,18,152,1189,7.822368421,1188
upenn.edu,17,116,948,8.172413793,947
uol.com.br,25,223,4152,18.61883408,4151
unsplash.com,34,59,1370,23.22033898,1369
unicef.org,35,66,1540,23.33333333,1539
techcrunch.com,15,218,849,3.894495413,848
soundcloud.com,10,23,139,6.043478261,138
umn.edu,22,68,1084,15.94117647,1083
umich.edu,12,53,599,11.30188679,598
umd.edu,12,123,878,7.138211382,877
bbc.co.uk,12,17,254,14.94117647,253
uiuc.edu,15,112,1128,10.07142857,1127
ufl.edu,38,115,1321,11.48695652,1320
udemy.com,18,15,3936,262.4,3934
ucsd.edu,13,100,649,6.49,648
ucla.edu,24,129,1051,8.147286822,1050
uci.edu,11,47,807,17.17021277,806
uchicago.edu,15,17,285,16.76470588,284
ucdavis.edu,25,46,1615,35.10869565,1614
ubuntu.com,14,132,1380,10.45454545,1379
uber.com,23,284,1047,3.686619718,1046
typepad.com,16,61,509,8.344262295,508
typeform.com,24,65,1665,25.61538462,1664
twitter.com,19,69,153,2.217391304,152
twitch.tv,35,84,3671,43.70238095,3670
tumblr.com,29,47,1765,37.55319149,1764
tudou.com,19,161,1042,6.472049689,1041
trustpilot.com,16,187,1263,6.754010695,1262
truste.com,18,107,704,6.579439252,703
trustarc.com,18,107,705,6.588785047,704
tripod.com,12,83,474,5.710843373,472
tribunnews.com,20,219,2482,11.33333333,2481
trendyol.com,18,88,1921,21.82954545,1920
tremorhub.com,6,0,38,Inf,37
trello.com,26,53,2715,51.22641509,2713
treasury.gov,24,234,1418,6.05982906,1417
tradingview.com,24,227,15037,66.24229075,15035
tokopedia.com,19,149,761,5.10738255,760
usatoday.com,24,254,3044,11.98425197,3043
tmall.com,16,210,647,3.080952381,646
tistory.com,13,52,401,7.711538462,400
tinyurl.com,22,22,198,9,197
timeanddate.com,15,24,928,38.66666667,927
nytimes.com,20,137,2393,17.46715328,2392
tiktok.com,17,161,1589,9.869565217,1588
theverge.com,19,55,2141,38.92727273,2140
thetimes.co.uk,15,71,4886,68.81690141,4885
thesun.co.uk,19,138,3664,26.55072464,3663
themeisle.com,21,102,1285,12.59803922,1284
themeforest.net,18,100,4597,45.97,4596
thelancet.com,8,2,55,27.5,54
thehill.com,15,248,2040,8.225806452,2039
theguardian.com,23,171,3693,21.59649123,3692
theglobeandmail.com,21,80,2602,32.525,2601
thefreedictionary.com,25,88,2654,30.15909091,2653
thedailybeast.com,14,142,1960,13.8028169,1959
theconversation.com,16,72,2402,33.36111111,2400
theatlantic.com,16,161,1642,10.19875776,1641
thawte.com,15,30,493,16.43333333,492
tencent.com,14,116,622,5.362068966,621
telewebion.com,26,57,7520,131.9298246,7519
telegraph.co.uk,18,115,2371,20.6173913,2370
telegram.me,12,17,303,17.82352941,302
ted.com,23,55,2882,52.4,2881
techtarget.com,21,266,3053,11.47744361,3052
techradar.com,20,183,2175,11.8852459,2174
technologyreview.com,21,116,1690,14.56896552,1689
techcrunch.com,15,7,71,10.14285714,70
teamviewer.com,26,289,1603,5.546712803,1602
teads.tv,39,124,1667,13.44354839,1666
td.com,28,47,2128,45.27659574,2127
target.com,28,94,1290,13.72340426,1289
tapad.com,18,81,626,7.728395062,625
taobao.com,12,238,1507,6.331932773,1506
tandfonline.com,30,90,680,7.555555556,679
taboola.com,11,160,1265,7.90625,1263
youtube.com,12,17,303,17.82352941,302
symantec.com,17,25,305,12.2,304
surveymonkey.com,20,90,1393,15.47777778,1392
samsung.com,17,117,799,6.829059829,798
suara.com,17,285,3037,10.65614035,3036
stumbleupon.com,10,3,86,28.66666667,85
stripe.com,30,634,10807,17.04574132,10806
steamcommunity.com,17,175,2778,15.87428571,2776
statista.com,24,38,2633,69.28947368,2632
state.gov,17,91,1838,20.1978022,1837
statcounter.com,11,32,916,28.625,914
stanford.edu,14,138,709,5.137681159,708
stackoverflow.com,16,81,953,11.7654321,952
stackexchange.com,14,323,2006,6.210526316,2004
ssrn.com,23,130,692,5.323076923,691
squareup.com,36,33,4272,129.4545455,4271
squarespace.com,25,104,3890,37.40384615,3888
springer.com,13,31,317,10.22580645,316
spotxchange.com,12,112,370,3.303571429,369
spotify.com,21,55,674,12.25454545,673
spiegel.de,23,144,7874,54.68055556,7873
speedtest.net,23,70,1115,15.92857143,1114
spankbang.com,14,107,2685,25.09345794,2684
sourceforge.net,16,51,693,13.58823529,692
soundcloud.com,11,41,223,5.43902439,222
sohu.com,15,265,3077,11.61132075,3076
sogou.com,11,20,302,15.1,301
softonic.com,18,187,4284,22.90909091,4283
microsoft.com,13,92,555,6.032608696,554
snapchat.com,17,58,340,5.862068966,339
smh.com.au,20,54,3720,68.88888889,3719
smartadserver.com,25,76,1638,21.55263158,1637
smallpdf.com,26,13,1605,123.4615385,1604
slideshare.net,12,73,803,11,802
slate.com,17,127,1004,7.905511811,1002
slashdot.org,14,143,1448,10.12587413,1447
slack.com,16,180,766,4.255555556,765
skype.com,18,182,680,3.736263736,679
skype.com,20,129,648,5.023255814,647
sitemaps.org,7,3,118,39.33333333,116
sindonews.com,16,322,1303,4.046583851,1302
sina.com.cn,18,207,4097,19.79227053,4096
simpli.fi,18,11,813,73.90909091,812
siemens.com,14,39,294,7.538461538,293
sina.com.cn,23,50,1260,25.2,1259
shutterstock.com,25,102,769,7.539215686,767
shopify.com,17,68,2099,30.86764706,2098
shopee.tw,3,43,70,1.627906977,69
shein.com,17,132,1338,10.13636364,1337
sharethrough.com,21,96,1048,10.91666667,1047
sharepoint.com,18,127,972,7.653543307,971
shareasale.com,14,152,472,3.105263158,471
sfgate.com,17,72,2284,31.72222222,2283
setn.com,19,88,7861,89.32954545,7860
senate.gov,12,13,630,48.46153846,629
seekingalpha.com,24,13,1512,116.3076923,1511
secureserver.net,9,28,53,1.892857143,52
sectigo.com,20,126,3764,29.87301587,3763
secureserver.net,29,28,921,32.89285714,920
scribd.com,19,108,810,7.5,809
scorecardresearch.com,29,17,131,7.705882353,130
scmp.com,32,330,2896,8.775757576,2895
scientificamerican.com,17,123,1485,12.07317073,1484
sciencemag.org,28,48,2404,50.08333333,2403
sciencedirect.com,20,41,665,16.2195122,664
sciencedaily.com,17,13,1888,145.2307692,1887
savefrom.net,12,106,391,3.688679245,390
whatsapp.net,22,39,683,17.51282051,682
samsung.com,23,12,3409,284.0833333,3408
salesforce.com,17,91,599,6.582417582,598
sakura.ne.jp,11,81,1145,14.13580247,1144
sahibinden.com,8,2,56,28,55
sagepub.com,17,39,818,20.97435897,817
rutgers.edu,29,32,1842,57.5625,1841
rubiconproject.com,12,112,370,3.303571429,369
rottentomatoes.com,16,121,2418,19.98347107,2417
rollingstone.com,18,113,2474,21.89380531,2473
roblox.com,18,128,1096,8.5625,1094
merriam-webster.com,26,43,4203,97.74418605,4202
reverso.net,17,93,572,6.150537634,571
reuters.com,18,73,2083,28.53424658,2082
researchgate.net,14,59,270,4.576271186,269
remove.bg,17,50,795,15.9,794
redhat.com,19,108,1873,17.34259259,1872
redfin.com,26,79,1716,21.72151899,1715
reddit.com,26,102,3144,30.82352941,3143
reddit.com,26,84,5793,68.96428571,5791
realtor.com,23,85,1615,19,1614
readthedocs.io,12,48,221,4.604166667,220
rapid7.com,16,43,1223,28.44186047,1222
rambler.ru,22,111,1241,11.18018018,1240
rakuten.co.jp,17,40,1580,39.5,1579
qz.com,27,139,1552,11.16546763,1551
quora.com,21,39,197,5.051282051,196
qualtrics.com,26,43,8588,199.7209302,8586
qq.com,18,160,1710,10.6875,1709
python.org,15,55,691,12.56363636,690
pwc.com,23,341,1704,4.997067449,1703
purdue.edu,24,137,597,4.357664234,596
pubmatic.com,14,149,881,5.912751678,880
psychologytoday.com,24,131,3358,25.63358779,3356
psu.edu,14,62,1267,20.43548387,1266
proofpoint.com,19,62,1394,22.48387097,1393
proiezionidiborsa.it,17,191,1000,5.235602094,999
prnewswire.com,22,56,1985,35.44642857,1984
princeton.edu,22,24,725,30.20833333,724
primevideo.com,19,54,462,8.555555556,461
prezi.com,19,80,916,11.45,915
postgresql.org,11,17,369,21.70588235,368
pornhub.com,20,97,4099,42.25773196,4098
politico.com,24,196,2934,14.96938776,2933
pnas.org,22,29,2079,71.68965517,2078
plos.org,26,148,721,4.871621622,720
playstation.com,26,238,2639,11.08823529,2638
pki.goog,11,26,264,10.15384615,262
pixnet.net,14,186,1269,6.822580645,1268
pixabay.com,21,117,2679,22.8974359,2677
pinterest.com,6,43,107,2.488372093,106
pinimg.com,6,78,143,1.833333333,142
pikiran-rakyat.com,15,246,1594,6.479674797,1593
php.net,10,143,744,5.202797203,743
photobucket.com,16,58,538,9.275862069,537
pexels.com,15,104,708,6.807692308,707
pewresearch.org,17,217,1244,5.732718894,1243
people.com.cn,16,150,1978,13.18666667,1977
pcmag.com,15,92,1024,11.13043478,1023
pbs.org,21,151,1199,7.940397351,1198
paypal.com,18,58,332,5.724137931,331
patreon.com,22,150,843,5.62,842
patch.com,14,69,1439,20.85507246,1438
parallels.com,14,88,644,7.318181818,643
padlet.com,9,3,44,14.66666667,43
ozon.ru,8,2,55,27.5,54
dropbox.com,22,66,1075,16.28787879,1074
windowsupdate.com,18,62,705,11.37096774,704
over-blog.com,16,169,1177,6.964497041,1176
outlook.com,13,50,452,9.04,451
outbrain.com,12,105,480,4.571428571,479
oup.com,11,119,818,6.87394958,817
oreilly.com,14,82,525,6.402439024,524
orange.fr,19,137,1107,8.080291971,1106
oracle.com,20,177,1511,8.536723164,1510
optimizely.com,23,76,3194,42.02631579,3193
opera.com,13,269,858,3.189591078,857
openstreetmap.org,10,42,495,11.78571429,494
openssl.org,10,5,141,28.2,140
opendns.com,14,48,370,7.708333333,369
onlyfans.com,6,81,126,1.555555556,125
onlinesbi.com,16,149,766,5.140939597,765
olympics.com,24,76,1031,13.56578947,1030
okta.com,29,98,1745,17.80612245,1744
okezone.com,18,252,1807,7.170634921,1806
outlook.com,32,47,545,11.59574468,544
office365.com,28,129,1110,8.604651163,1109
office.com,22,157,985,6.27388535,984
oecd.org,8,2,56,28,55
tinyurl.com,14,34,1195,35.14705882,1194
nytimes.com,40,90,2493,27.7,2492
nypost.com,32,266,3316,12.46616541,3315
nymag.com,19,159,2757,17.33962264,2756
nydailynews.com,5,0,18,Inf,17
nytimes.com,26,77,515,6.688311688,514
nvidia.com,49,279,8295,29.7311828,8294
ntp.org,19,41,161,3.926829268,160
nsw.gov.au,25,120,1284,10.7,1283
nps.gov,21,26,583,22.42307692,582
npr.org,20,144,1999,13.88194444,1998
notion.so,29,26,1584,60.92307692,1583
norton.com,42,73,1202,16.46575342,1201
northwestern.edu,13,89,607,6.820224719,606
nordstrom.com,2,0,7,Inf,6
noaa.gov,23,21,416,19.80952381,415
nist.gov,22,18,919,51.05555556,918
ning.com,18,113,972,8.601769912,971
nikkei.com,19,60,4511,75.18333333,4510
nike.com,20,343,2531,7.379008746,2530
nih.gov,24,126,872,6.920634921,871
nginx.org,9,12,168,14,166
newyorker.com,27,62,4838,78.03225806,4836
newsweek.com,30,176,4536,25.77272727,4535
newscientist.com,16,72,1148,15.94444444,1147
tribunnews.com,19,96,2648,27.58333333,2647
newrelic.com,22,39,2361,60.53846154,2360
netscape.com,15,7,71,10.14285714,70
nejm.org,8,2,55,27.5,54
ndtv.com,26,308,7384,23.97402597,7383
nbcnews.com,23,224,2764,12.33928571,2763
nba.com,21,95,2457,25.86315789,2456
naver.com,19,100,1985,19.85,1984
naukri.com,12,46,201,4.369565217,200
nature.com,17,51,1301,25.50980392,1300
nationalgeographic.com,24,47,4655,99.04255319,4654
nasa.gov,15,35,387,11.05714286,386
namu.wiki,36,63,965,15.31746032,964
namecheap.com,21,106,2818,26.58490566,2817
mzstatic.com,19,153,1527,9.980392157,1526
myworkdayjobs.com,10,7,128,18.28571429,127
mystrikingly.com,13,63,630,10,629
mysql.com,10,93,424,4.559139785,423
myspace.com,15,52,3036,58.38461538,3035
samsung.com,17,152,1192,7.842105263,1191
msn.com,14,54,513,9.5,512
mozilla.org,19,181,707,3.906077348,706
mozilla.org,14,114,1334,11.70175439,1333
moodle.org,20,265,999,3.769811321,998
moneycontrol.com,6,12,31,2.583333333,30
moatads.com,3,79,121,1.53164557,120
mlb.com,33,135,4772,35.34814815,4771
mixcloud.com,22,40,679,16.975,678
mitre.org,20,13,1004,77.23076923,1003
mit.edu,14,29,425,14.65517241,424
mirror.co.uk,12,242,4463,18.44214876,4462
microsoft.com,24,170,734,4.317647059,733
metropoles.com,17,276,1989,7.206521739,1988
metropoles.com,15,187,1556,8.320855615,1555
merriam-webster.com,19,40,3295,82.375,3293
merdeka.com,23,145,1472,10.15172414,1471
mercari.com,17,152,783,5.151315789,782
mercadolivre.com.br,19,131,2401,18.32824427,2400
mercadolibre.com.mx,19,143,3406,23.81818182,3404
mega.nz,11,219,743,3.392694064,742
meetup.com,33,120,968,8.066666667,967
medium.com,28,15,3301,220.0666667,3300
medicalnewstoday.com,18,69,1570,22.75362319,1569
mediafire.com,12,40,4384,109.6,4383
macromedia.com,17,37,274,7.405405405,273
mdpi.com,16,64,6079,94.984375,6078
mckinsey.com,18,38,680,17.89473684,679
mayoclinic.org,49,73,3018,41.34246575,3017
matterport.com,24,52,1197,23.01923077,1196
mathtag.com,17,86,1074,12.48837209,1073
mashable.com,12,146,924,6.328767123,923
marriott.com,31,126,2206,17.50793651,2204
marketwatch.com,15,267,2364,8.853932584,2363
marca.com,21,209,3634,17.38755981,3633
mapquest.com,15,87,480,5.517241379,479
manoramaonline.com,28,293,2135,7.28668942,2134
mailchimp.com,18,53,2941,55.49056604,2940
mailchimp.com,18,52,1722,33.11538462,1721
mail.ru,19,133,820,6.165413534,819
google.com,25,209,621,2.971291866,620
ltn.com.tw,14,288,3527,12.24652778,3525
loc.gov,17,43,726,16.88372093,725
livescience.com,18,144,1206,8.375,1205
livejournal.com,21,40,5772,144.3,5770
livejasmin.com,20,29,5798,199.9310345,5797
live.com,13,50,452,9.04,451
liputan6.com,19,256,2234,8.7265625,2233
linktr.ee,19,43,1937,45.04651163,1936
linkedin.com,15,205,674,3.287804878,673
line.me,19,30,6672,222.4,6670
lijit.com,10,3,52,17.33333333,51
lifehacker.com,27,150,1490,9.933333333,1489
libsyn.com,16,174,1268,7.287356322,1267
lenovo.com,21,31,1909,61.58064516,1908
lencr.org,10,13,231,17.76923077,230
lemonde.fr,16,177,1851,10.45762712,1850
lazada.sg,19,246,4787,19.45934959,4786
launchpad.net,13,24,178,7.416666667,177
latimes.com,26,207,4948,23.90338164,4946
ladbible.com,44,105,1059,10.08571429,1058
kumparan.com,40,122,1797,14.7295082,1796
kompas.com,16,258,1533,5.941860465,1532
kickstarter.com,8,2,110,55,108
khanacademy.org,20,35,1244,35.54285714,1243
kernel.org,9,87,294,3.379310345,293
kakao.com,24,48,938,19.54166667,937
justice.gov,28,41,1617,39.43902439,1616
jstor.org,17,104,655,6.298076923,654
jquery.com,17,84,368,4.380952381,367
jotform.com,16,153,2284,14.92810458,2283
joomla.org,15,96,581,6.052083333,580
jimdo.com,19,21,809,38.52380952,808
jhu.edu,14,195,865,4.435897436,864
jd.com,16,185,907,4.902702703,906
jawapos.com,13,274,1394,5.087591241,1393
enable-javascript.com,2,2,19,9.5,18
jamanetwork.com,15,74,1287,17.39189189,1286
itu.int,24,34,688,20.23529412,687
istockphoto.com,23,45,1589,35.31111111,1588
issuu.com,15,145,706,4.868965517,705
issuu.com,6,1,58,58,57
irs.gov,22,232,1442,6.215517241,1441
iqbroker.com,16,80,607,7.5875,606
investopedia.com,12,166,1203,7.246987952,1202
investing.com,14,114,10142,88.96491228,10141
intuit.com,25,129,3360,26.04651163,3358
intel.com,29,78,2737,35.08974359,2735
instructure.com,26,45,1720,38.22222222,1719
instructables.com,13,43,962,22.37209302,961
instagram.com,10,106,214,2.018867925,213
inquirer.net,20,140,1887,13.47857143,1886
indiegogo.com,20,24,2276,94.83333333,2275
indiatimes.com,22,70,955,13.64285714,954
indianexpress.com,17,291,2850,9.793814433,2849
indiamart.com,20,296,4658,15.73648649,4657
indeed.com,8,2,55,27.5,54
princeton.edu,3,4,20,5,19
instagram.com,23,190,3778,19.88421053,3777
imgur.com,21,46,956,20.7826087,955
imdb.com,21,60,1923,32.05,1922
imageshack.us,9,7,98,14,97
ilovepdf.com,13,12,830,69.16666667,829
illinois.edu,15,112,1128,10.07142857,1127
ikea.com,17,230,1031,4.482608696,1030
videocampaign.co,23,172,1581,9.191860465,1580
ietf.org,12,15,322,21.46666667,321
ieee.org,36,94,1576,16.76595745,1575
identrust.com,36,52,871,16.75,870
icloud.com,17,19,129,6.789473684,128
icicibank.com,40,186,6728,36.17204301,6727
icann.org,22,33,667,20.21212121,666
ibm.com,26,420,1979,4.711904762,1978
iana.org,21,8,191,23.875,190
hulu.com,22,96,1362,14.1875,1361
hugedomains.com,11,109,902,8.275229358,900
huffpost.com,24,156,2481,15.90384615,2480
huffingtonpost.com,24,156,2478,15.88461538,2477
hubspot.com,18,105,1176,11.2,1175
huanqiu.com,15,286,1291,4.513986014,1290
php.net,21,85,1834,21.57647059,1833
howstuffworks.com,17,146,986,6.753424658,985
houzz.com,24,163,5594,34.3190184,5593
whitehouse.gov,32,38,6549,172.3421053,6548
hotstar.com,15,20,146,7.3,145
hotjar.com,16,98,1024,10.44897959,1023
hostgator.com,10,5,91,18.2,90
hootsuite.com,18,80,721,9.0125,720
hollywoodreporter.com,19,167,2679,16.04191617,2678
history.com,18,56,437,7.803571429,436
hindustantimes.com,14,89,2897,32.5505618,2896
hilton.com,25,88,828,9.409090909,827
hhs.gov,33,71,563,7.929577465,562
healthline.com,21,104,2007,19.29807692,2005
hdfcbank.com,30,34,8684,255.4117647,8682
hbr.org,15,58,5180,89.31034483,5179
hbomax.com,15,22,298,13.54545455,297
hatenablog.com,16,207,2310,11.15942029,2309
hatena.ne.jp,12,338,1144,3.384615385,1143
harvard.edu,26,125,1468,11.744,1467
theguardian.com,23,169,7113,42.0887574,7111
gstatic.com,3,1,15,15,14
grid.id,14,221,965,4.366515837,964
gravatar.com,14,26,390,15,389
grammarly.com,19,176,1482,8.420454545,1480
gotowebinar.com,18,26,2166,83.30769231,2164
gosuslugi.ru,6,2,32,16,31
googletagmanager.com,3,1,14,14,13
googlesyndication.com,18,20,405,20.25,404
googleblog.com,19,50,1396,27.92,1395
googleapis.com,3,1,15,15,14
google.com,18,21,4489,213.7619048,4478
google-analytics.com,17,57,735,12.89473684,734
goodreads.com,14,94,604,6.425531915,603
google.com,22,240,2083,8.679166667,2082
gofundme.com,15,93,610,6.559139785,609
godaddy.com,21,97,1801,18.56701031,1800
gmw.cn,2,1,14,14,13
gmail.com,23,7,541,77.28571429,540
globo.com,17,222,2906,13.09009009,2905
globenewswire.com,16,65,331,5.092307692,330
globalsign.net,21,48,1781,37.10416667,1780
glassdoor.com,24,59,1144,19.38983051,1143
gizmodo.com,27,143,4313,30.16083916,4311
gitlab.com,22,43,1417,32.95348837,1416
github.com,20,83,1698,20.45783133,1696
gismeteo.ru,17,27,3126,115.7777778,3125
giphy.com,21,33,1028,31.15151515,1027
getpocket.com,14,41,309,7.536585366,308
getbootstrap.com,13,24,1266,52.75,1265
genius.com,16,102,1472,14.43137255,1471
geeksforgeeks.org,23,288,3678,12.77083333,3677
gartner.com,31,83,1558,18.77108434,1557
garmin.com,18,307,1696,5.524429967,1695
gamespot.com,18,80,2741,34.2625,2740
gallup.com,17,145,937,6.462068966,936
google.com,20,26,1357,52.19230769,1356
microsoft.com,28,112,3107,27.74107143,3106
frontiersin.org,17,87,930,10.68965517,929
freepik.com,18,127,1444,11.37007874,1443
freebsd.org,14,105,361,3.438095238,360
freepik.com,13,49,1822,37.18367347,1820
foxnews.com,19,282,7358,26.09219858,7356
foursquare.com,16,54,474,8.777777778,473
fortune.com,16,199,3744,18.81407035,3742
forms.gle,4,1,13,13,12
force.com,23,84,1693,20.1547619,1692
forbes.com,15,174,874,5.022988506,873
fool.com,16,110,1288,11.70909091,1287
fontawesome.com,19,26,1733,66.65384615,1732
focus.cn,4,2,20,10,19
flipkart.com,18,83,2174,26.19277108,2172
flickr.com,15,116,786,6.775862069,785
flashtalking.com,23,78,790,10.12820513,789
fiverr.com,23,51,5050,99.01960784,5048
fidelity.com,8,33,94,2.848484848,93
feedly.com,14,42,231,5.5,230
feedburner.com,23,7,541,77.28571429,540
fedex.com,18,285,1009,3.540350877,1008
fda.gov,29,27,572,21.18518519,571
fc2.com,13,82,355,4.329268293,354
fb.com,18,144,1566,10.875,1563
fastly.net,14,102,910,8.921568627,909
fastcompany.com,16,102,1229,12.04901961,1227
farfetch.com,18,78,1210,15.51282051,1209
fao.org,23,91,1418,15.58241758,1417
fandom.com,14,29,1900,65.51724138,1899
aliexpress.com,18,115,3386,29.44347826,3385
expedia.com,28,206,1153,5.597087379,1152
example.com,4,1,13,13,12
evernote.com,12,20,856,42.8,855
eventbrite.com,27,175,632,3.611428571,631
europa.eu,10,13,289,22.23076923,288
etsy.com,16,37,2318,62.64864865,2317
etoro.com,8,2,55,27.5,54
espn.com,21,106,4638,43.75471698,4637
epicgames.com,8,1,43,43,42
typepad.com,18,24,620,25.83333333,619
envato.com,16,89,390,4.382022472,389
entrepreneur.com,18,56,2356,42.07142857,2355
engadget.com,15,7,71,10.14285714,70
enable-javascript.com,10,95,399,4.2,398
elsevier.com,16,173,1716,9.919075145,1714
elpais.com,18,228,2654,11.64035088,2653
elegantthemes.com,14,5,1122,224.4,1121
eff.org,22,124,884,7.129032258,883
eepurl.com,6,0,23,Inf,22
linkedin.com,22,101,413,4.089108911,412
economist.com,19,59,1417,24.01694915,1416
ebay.com,18,260,2013,7.742307692,2012
earthlink.net,17,28,911,32.53571429,910
creativecommons.org,13,72,2196,30.5,2195
imrworldwide.com,18,21,1235,58.80952381,1233
duolingo.com,14,151,620,4.105960265,619
duke.edu,14,170,1064,6.258823529,1063
duckduckgo.com,19,62,788,12.70967742,787
drupal.org,29,44,1130,25.68181818,1129
dropbox.com,24,205,1922,9.375609756,1921
dribbble.com,16,27,1935,71.66666667,1934
doubleverify.com,16,111,3005,27.07207207,3004
doubleclick.net,15,57,830,14.56140351,829
douban.com,11,304,1311,4.3125,1310
dotomi.com,29,53,765,14.43396226,764
donya-e-eqtesad.com,18,48,1598,33.29166667,1597
doi.org,10,32,222,6.9375,221
docusign.com,23,67,1612,24.05970149,1611
docker.com,21,93,1648,17.72043011,1647
disqus.com,14,86,336,3.906976744,335
disneyplus.com,10,36,648,18,646
discordapp.com,12,19,273,14.36842105,272
discord.com,12,19,273,14.36842105,272
digitaltrends.com,16,248,2308,9.306451613,2307
digikala.com,16,22,349,15.86363636,348
digicert.com,21,46,1637,35.58695652,1636
digg.com,14,118,1610,13.6440678,1609
thefreedictionary.com,12,108,550,5.092592593,549
dhl.com,18,8,1026,128.25,1025
detik.com,15,206,2002,9.718446602,2001
deloitte.com,16,24,1681,70.04166667,1680
dell.com,18,124,639,5.153225806,638
deepl.com,19,97,913,9.412371134,912
debian.org,11,5,498,99.6,496
daum.net,21,170,3529,20.75882353,3528
dan.com,16,50,369,7.38,368
dailymotion.com,18,52,475,9.134615385,474
dailymail.co.uk,22,145,5810,40.06896552,5809
crunchyroll.com,8,2,55,27.5,54
criteo.com,19,130,2708,20.83076923,2707
creativecommons.org,15,184,632,3.434782609,631
crashlytics.com,21,127,580,4.566929134,579
craigslist.org,12,99,1255,12.67676768,1254
cpanel.net,15,90,2206,24.51111111,2204
cowin.gov.in,33,41,3209,78.26829268,3208
coursera.org,28,93,2078,22.34408602,2077
cornell.edu,12,137,695,5.072992701,694
cookielaw.org,14,137,784,5.722627737,783
contextweb.com,12,66,670,10.15151515,669
constantcontact.com,18,41,625,15.24390244,624
comodoca.com,16,132,2718,20.59090909,2717
columbia.edu,27,124,912,7.35483871,911
coinmarketcap.com,23,110,6033,54.84545455,6031
cnn.com,30,205,2665,13,2664
cnet.com,24,58,1603,27.63793103,1602
cnblogs.com,13,165,1094,6.63030303,1093
cnbc.com,26,154,2323,15.08441558,2322
cmu.edu,10,70,446,6.371428571,445
cloudflare.com,21,60,857,14.28333333,856
citrix.com,45,27,1716,63.55555556,1715
geocities.com,31,115,1431,12.44347826,1430
cisco.com,41,140,3394,24.24285714,3393
chron.com,17,94,2056,21.87234043,2055
chouftv.ma,16,182,3065,16.84065934,3064
chinaz.com,18,115,1927,16.75652174,1926
chinadaily.com.cn,8,5,354,70.8,353
chicagotribune.com,21,110,2338,21.25454545,2337
chess.com,13,113,768,6.796460177,766
chaturbate.com,15,74,2671,36.09459459,2670
chase.com,18,134,984,7.343283582,983
stackexchange.com,25,41,377,9.195121951,376
census.gov,28,190,1149,6.047368421,1148
cdc.gov,18,70,1319,18.84285714,1318
cctv.com,17,321,5820,18.13084112,5819
cbsnews.com,18,90,2415,26.83333333,2414
cbslocal.com,24,92,1497,16.27173913,1496
cbc.ca,23,84,1883,22.41666667,1882
casalemedia.com,17,94,1029,10.94680851,1028
capitalone.com,24,125,1272,10.176,1270
canva.com,31,190,2654,13.96842105,2653
cambridge.org,23,93,937,10.07526882,936
bongacams.com,25,127,735,5.787401575,734
calendly.com,21,94,1778,18.91489362,1777
bongacams.com,12,41,410,10,409
buzzfeed.com,20,182,2535,13.92857143,2534
businesswire.com,19,49,1142,23.30612245,1141
businessinsider.com,13,120,1652,13.76666667,1651
businessinsider.com,20,26,1357,52.19230769,1356
bukalapak.com,32,154,1796,11.66233766,1795
bscscan.com,18,14,985,70.35714286,984
britannica.com,16,145,987,6.806896552,986
breitbart.com,19,149,1156,7.758389262,1155
branch.io,17,200,1642,8.21,1641
dropbox.com,22,54,1323,24.5,1322
boston.com,15,300,2169,7.23,2168
bootstrapcdn.com,11,47,470,10,469
booking.com,19,130,2021,15.54615385,2020
bongacams.com,23,104,3174,30.51923077,3173
bmj.com,24,76,1693,22.27631579,1692
bluehost.com,8,6,61,10.16666667,60
bloomberg.com,20,275,1758,6.392727273,1757
blogspot.com,18,20,405,20.25,404
blogger.com,12,45,291,6.466666667,290
bizjournals.com,16,103,1224,11.88349515,1223
bitnami.com,17,71,661,9.309859155,660
bitly.com,20,139,839,6.035971223,838
bit.ly,20,139,839,6.035971223,838
biomedcentral.com,17,41,625,15.24390244,624
bing.com,17,21,217,10.33333333,216
binance.com,16,62,2708,43.67741935,2707
bilibili.com,21,78,1586,20.33333333,1585
bet9ja.com,12,50,179,3.58,178
berkeley.edu,12,141,808,5.730496454,806
behance.net,2,42,71,1.69047619,70
bbc.co.uk,16,131,2996,22.87022901,2994
dribbble.com,20,108,626,5.796296296,625
bandcamp.com,22,80,3272,40.9,3271
baidu.com,12,87,383,4.402298851,382
babytree.com,9,17,89,5.235294118,88
azure.com,34,256,2959,11.55859375,2958
avito.ru,22,36,2035,56.52777778,2034
avast.com,14,87,1659,19.06896552,1658
automattic.com,12,61,351,5.754098361,350
autodesk.com,48,90,1753,19.47777778,1752
audible.com,25,84,8842,105.2619048,8841
att.com,23,40,1125,28.125,1124
atlassian.com,26,93,1044,11.22580645,1043
asus.com,19,119,971,8.159663866,970
app-measurement.com,26,126,635,5.03968254,634
asos.com,23,83,855,10.30120482,854
ask.com,16,135,883,6.540740741,882
arxiv.org,13,71,491,6.915492958,490
arstechnica.com,14,186,1059,5.693548387,1058
arnebrachhold.de,11,13,184,14.15384615,182
arizona.edu,38,86,677,7.872093023,676
archive.org,4,2,55,27.5,54
arcgis.com,13,87,213,2.448275862,212
appspot.com,23,7,541,77.28571429,540
appsflyer.com,16,181,1004,5.546961326,1003
apple.com,19,153,1527,9.980392157,1526
appcenter.ms,11,10,278,27.8,277
app-measurement.com,3,1,15,15,14
apnews.com,27,58,3867,66.67241379,3865
aparat.com,8,10,1162,116.2,1161
apachefriends.org,10,17,201,11.82352941,200
apache.org,26,115,1326,11.53043478,1325
apache.org,20,72,956,13.27777778,955
aol.com,15,7,71,10.14285714,70
angelfire.com,9,22,178,8.090909091,177
android.com,11,83,883,10.63855422,882
anchor.fm,16,29,378,13.03448276,377
amzn.to,19,82,2527,30.81707317,2524
ampproject.org,14,72,783,10.875,782
americanexpress.com,34,17,2966,174.4705882,2965
ameblo.jp,11,231,721,3.121212121,720
amazon.com,23,10,3972,397.2,3969
altervista.org,13,23,426,18.52173913,425
allegro.pl,57,51,1545,30.29411765,1544
allaboutcookies.org,14,69,515,7.463768116,514
aljazeera.com,20,34,1090,32.05882353,1089
aliyun.com,19,165,10104,61.23636364,10103
aliexpress.com,25,152,2221,14.61184211,2220
alibaba.com,15,273,1459,5.344322344,1458
alexa.com,11,9,60,6.666666667,59
akismet.com,17,102,610,5.980392157,609
airbnb.com,35,176,1371,7.789772727,1370
adsrvr.org,9,14,68,4.857142857,67
adp.com,17,40,1993,49.825,1992
adobe.com,20,39,891,22.84615385,890
admin.ch,18,34,1105,32.5,1104
addtoany.com,11,27,548,20.2962963,546
addthis.com,8,8,152,19,151
acs.org,24,76,1015,13.35526316,1014
accuweather.com,24,40,5293,132.325,5292
academia.edu,15,143,1639,11.46153846,1638
allaboutcookies.org,15,7,231,33,230
aboutads.info,16,33,336,10.18181818,335
aboutads.info,13,14,205,14.64285714,204
abc.net.au,24,71,1071,15.08450704,1070
360.cn,16,121,2598,21.47107438,2597
360yield.com,21,9,146,16.22222222,145
360.cn,12,283,1475,5.212014134,1474
1688.com,18,253,790,3.122529644,789
